run_id,initial_population,max_population,pop_multiplier,base_birth_rate,max_rounds,maslow_variation,recovery_threshold,cooperation_bonus,trust_threshold,relationship_memory,shock_interval_min,shock_interval_max,shock_interval_avg,shock_mean_years,pareto_alpha,pareto_xm,trust_delta_help,trust_delta_betray,serendipity_rate,community_buffer_factor,acute_decay,chronic_window,final_cooperation_rate,final_constrained_rate,final_population,extinction_occurred,first_cascade_round,cascade_events,shock_events,population_growth,population_stability,cooperation_resilience,rounds_completed,total_defections,total_redemptions,redemption_rate,avg_trust_level,cooperation_benefit_total,physiological_change,safety_change,love_change,esteem_change,self_actualization_change,num_groups,homophily_bias,in_group_trust_modifier,out_group_trust_modifier,out_group_constraint_amplifier,reputational_spillover,mixing_event_frequency,mixing_event_bonus_multiplier,in_group_interaction_rate,out_group_interaction_rate,avg_in_group_trust,avg_out_group_trust,trust_asymmetry,group_segregation_index,total_mixing_events,mixing_event_success_rate,reputational_spillover_events,out_group_constraint_amplifications,group_extinction_events,total_interactions,interaction_intensity,outcome_category,extinction_category,has_intergroup,segregation_level,trust_asymmetry_level,shock_frequency_proxy,growth_potential,resilience_index,intergroup_tension,stress_recovery_rate,social_support_effectiveness
0,465,800,1.7204301075268817,0.007942739595289116,200,0.6392108978555997,0.45686695463316396,0.23304172376383592,0.6,40,9.621487507377424,21.780597248254352,15.701042377815888,5,1.5,0.3,0.04,-0.06,0.05,0.0,0.97,16,1.0,0.0,800,False,200,0,9,1.7204301075268817,0.0,1.0,200,815456,0,0.0,0.5667777340567198,0.0,0.0,0.0,0.0,0.0,0.0,1,0.0,1.0,1.0,1.0,0.0,0,1.0,0.0,0.0,0.5667777340567198,0.5667777340567198,0.0,0.0,0,0.0,0,0,0,0,0.0,High_Coop,Survived,False,,Low,0.06369003891186913,0.013664928335981274,0.0,0.0,0.030000000000000027,0.0
1,140,800,5.714285714285714,0.010275202923079279,200,0.42226802039593275,0.3641323864921562,0.2714285865649883,0.6,40,11.864239972690564,27.43459632770117,19.649418150195867,5,1.5,0.3,0.04,-0.06,0.05,0.0,0.97,16,1.0,0.0,800,False,200,0,9,5.714285714285714,0.0,1.0,200,853476,0,0.0,0.5668414145619987,0.0,0.0,0.0,0.0,0.0,0.0,1,0.0,1.0,1.0,1.0,0.0,0,1.0,0.0,0.0,0.5668414145619987,0.5668414145619987,0.0,0.0,0,0.0,0,0,0,0,0.0,High_Coop,Survived,False,,Low,0.050892092191036804,0.05871544527473874,0.0,0.0,0.030000000000000027,0.0
2,455,800,1.7582417582417582,0.009784833602535495,200,0.34889265875212505,0.49962299007224414,0.22048489521989278,0.6,40,12.522805065795566,31.79858286552515,22.160693965660357,5,1.5,0.3,0.04,-0.06,0.05,0.0,0.97,16,1.0,0.0,800,False,200,0,11,1.7582417582417582,0.0,1.0,200,793988,0,0.0,0.5787920728248209,0.0,0.0,0.0,0.0,0.0,0.0,1,0.0,1.0,1.0,1.0,0.0,0,1.0,0.0,0.0,0.5787920728248209,0.5787920728248209,0.0,0.0,0,0.0,0,0,0,0,0.0,High_Coop,Survived,False,,Low,0.04512494065165894,0.017204103037425048,0.0,0.0,0.030000000000000027,0.0
3,466,800,1.7167381974248928,0.009706481759940936,200,0.4968726280788803,0.4405061554241858,0.22091870783057638,0.6,40,5.261793214083781,23.750289632749784,14.506041423416782,5,1.5,0.3,0.04,-0.06,0.05,0.04,0.97,16,0.99875,0.00125,800,False,200,0,6,1.7167381974248928,0.0,0.99875,200,1195596,540,0.00045165758333082413,0.05409126154368096,1291.6151068623383,0.0,0.0,0.0,0.0,0.0,2,0.2149334399481102,1.0776308694841348,0.8955421394491209,1.1008834475185587,0.07863421407823784,10,1.959303899286266,0.0,1.0,0.05595536760835258,0.05222715547900934,0.003728212129343239,0.0,20,1.0,2117,2117,0,5167,6.45875,High_Coop,Survived,True,,Low,0.06893679473338069,0.016663487999898603,0.037242528210664774,0.009042614549725905,0.030000000000000027,0.0021636504617472386
4,333,800,2.4024024024024024,0.009045836627547613,200,0.3171222173877281,0.46600442343139464,0.23152025975809837,0.6,40,14.23386889651978,32.430571659565906,23.332220278042843,5,1.5,0.3,0.04,-0.06,0.05,0.04,0.97,16,0.71625,0.28375,800,False,200,0,10,2.4024024024024024,0.0,0.71625,200,1124293,533,0.00047407570802273074,0.3289463997616366,819.8529472596391,0.0,0.0,0.0,0.0,0.0,2,0.3060245287064019,1.3126310783518007,0.841663214276139,1.2493904788194428,0.13195517019234007,15,1.8540164960626004,0.0,1.0,0.34814785832795647,0.3097449411953167,0.03840291713263977,0.0,13,1.0,1374,1374,0,3319,4.14875,High_Coop,Survived,True,,Low,0.042859187341937874,0.021731739645760032,0.03828563250632249,0.02610396194094118,0.030000000000000027,0.013157855990465464
5,131,800,6.106870229007634,0.011180262000986069,200,0.5879906923559016,0.4183171157218558,0.13762623930248596,0.6,40,13.769258419738726,29.02492910431658,21.39709376202765,5,1.5,0.3,0.04,-0.06,0.05,0.04,0.97,16,1.0,0.0,800,False,200,0,7,6.106870229007634,0.0,1.0,200,965537,77,7.974836800661186e-05,0.33198393914886204,305.311010431598,0.0,0.0,0.0,0.0,0.0,2,0.45640369282427795,1.4667824099097755,0.828253130406746,1.1190063470133644,0.07805046080784138,15,2.174908807709974,0.0,1.0,0.34687935470461223,0.31708852359311185,0.029790831111500382,0.0,13,1.0,1134,1134,0,2602,3.2525,High_Coop,Survived,True,,Low,0.046735318876559295,0.06827640916632714,0.038130587244937626,0.015000193150651663,0.030000000000000027,0.013279357565954482
6,125,800,6.4,0.007581653947239756,200,0.3192570722645684,0.312288292422938,0.2728173769299902,0.6,40,8.8390932373113,21.06918759254213,14.954140414926714,5,1.5,0.3,0.04,-0.06,0.05,0.08,0.97,16,0.8325,0.1675,800,False,200,0,11,6.4,0.0,0.8325,200,1015322,148,0.000145766564695732,0.05593929246486555,278.5433488145162,0.0,0.0,0.0,0.0,0.0,3,0.19540848328926197,1.1899539574939002,0.8475739521572121,1.1534797793774574,0.1265273982595649,25,1.8768167207470827,0.0,1.0,0.05727303978973949,0.054605545139991614,0.002667494649747873,0.0,8,1.0,729,729,0,1662,2.0775,High_Coop,Survived,True,,Low,0.06687111209694367,0.04852258526233444,0.07465031103224451,0.022246093222660895,0.030000000000000027,0.004475143397189244
7,484,800,1.6528925619834711,0.007633695084680484,200,0.5508881897509448,0.3011129951939526,0.15883557219040387,0.6,40,6.706160600395542,26.492456923657763,16.599308762026652,5,1.5,0.3,0.04,-0.06,0.05,0.08,0.97,16,0.2125,0.7875,800,False,200,0,10,1.6528925619834711,0.0,0.2125,200,1329521,59,4.437688460731346e-05,0.493187091461861,461.4661305651514,0.0,0.0,0.0,0.0,0.0,3,0.45695123875280824,1.4356848668989628,0.8489624493182272,1.1124279996536799,0.01118435314732839,15,1.8226519410970776,0.0,1.0,0.5222687329716016,0.4641054499521205,0.058163283019481093,0.0,13,1.0,1406,1406,0,3378,4.2225,Low_Coop,Survived,True,,Low,0.06024347244432529,0.012617677825918156,0.07518052220445398,0.001879177125071351,0.030000000000000027,0.039454967316948884
8,390,800,2.051282051282051,0.011662560453188094,200,0.620597063215022,0.3352929687199152,0.3533696473453195,0.6,40,6.8818451902135305,22.106909409969873,14.494377300091703,5,1.5,0.3,0.04,-0.06,0.05,0.08,0.97,16,0.3225,0.6775,800,False,200,0,10,2.051282051282051,0.0,0.3225,200,1285794,425,0.0003305350623816879,0.057885030225608036,1815.116756549261,0.0,0.0,0.0,0.0,0.0,2,0.28120584527151565,1.494823862775517,0.8004503901477994,1.285883792910969,0.09899995624710406,10,2.0982822629689144,0.0,1.0,0.06321213662357203,0.052557923827644036,0.010654212795927993,0.0,20,1.0,2059,2059,0,5123,6.40375,Medium_Coop,Survived,True,,Low,0.06899227054022343,0.0239232009296166,0.07448061835678213,0.025403152082986033,0.030000000000000027,0.004630802418048643
9,460,800,1.7391304347826086,0.006479052205210437,200,0.5178832462906404,0.36418473278359503,0.3269700728049626,0.6,40,11.49410351570057,28.57783307555237,20.035968295626468,5,2.0,0.3,0.04,-0.06,0.05,0.0,0.97,16,0.4975,0.5025,800,False,200,0,10,1.7391304347826086,0.0,0.4975,200,1077465,468,0.0004343528560092439,0.05804302851770418,2268.9388966559895,0.0,0.0,0.0,0.0,0.0,2,0.7081717388968449,1.499346005479889,0.8097686300058194,1.147108952763527,0.09305853928741112,10,2.2001541366100787,0.0,1.0,0.05935696821709767,0.0567290888183107,0.0026278793987869684,0.0,20,1.0,2250,2250,0,5120,6.4,Medium_Coop,Survived,True,,Low,0.049910240685411944,0.011267916878626846,0.0,0.020306872223803497,0.030000000000000027,0.0
10,483,800,1.6563146997929608,0.010456603354112845,200,0.42873243988745535,0.25061752447214347,0.22301901389797743,0.6,40,14.54477082920661,33.277217187857445,23.91099400853203,5,2.0,0.3,0.04,-0.06,0.05,0.0,0.97,16,0.725,0.275,800,False,200,0,8,1.6563146997929608,0.0,0.725,200,1237147,239,0.0001931864200454756,0.058156952506349655,666.5274541795892,0.0,0.0,0.0,0.0,0.0,3,0.019687550297597767,1.2610372741834082,0.835351580706216,1.219589274908536,0.1016653778844965,25,2.298967327182853,0.0,1.0,0.06497181994668103,0.05134208506601829,0.013629734880662735,0.0,8,1.0,812,812,0,2102,2.6275,High_Coop,Survived,True,,Low,0.041821766156738424,0.017319425845321482,0.0,0.020414758248735204,0.030000000000000027,0.0
11,209,800,3.827751196172249,0.008082612263688447,200,0.4484056344784205,0.40644106084505816,0.16762044973784657,0.6,40,6.6500471857808074,22.322584079618064,14.486315632699435,5,2.0,0.3,0.04,-0.06,0.05,0.0,0.97,16,1.0,0.0,800,False,200,0,14,3.827751196172249,0.0,1.0,200,730985,0,0.0,0.5717542976614836,0.0,0.0,0.0,0.0,0.0,0.0,1,0.0,1.0,1.0,1.0,0.0,0,1.0,0.0,0.0,0.5717542976614836,0.5717542976614836,0.0,0.0,0,0.0,0,0,0,0,0.0,High_Coop,Survived,False,,Low,0.06903066489471872,0.030938228760529943,0.0,0.0,0.030000000000000027,0.0
12,320,800,2.5,0.009660386760878091,200,0.4422165361510454,0.47935195269145625,0.26950475782178085,0.6,40,7.97428293360511,26.046642476768685,17.010462705186896,5,2.0,0.3,0.04,-0.06,0.05,0.04,0.97,16,0.6275,0.3725,800,False,200,0,9,2.5,0.0,0.6275,200,1084127,740,0.0006825768567704706,0.3064214012202981,1056.0006586168222,0.0,0.0,0.0,0.0,0.0,3,0.7279335642385776,1.2606609871213623,0.8688019782132927,1.1204867947272454,0.14281985725812682,15,1.8275655858707267,0.0,1.0,0.29695720080485355,0.31588560163574264,-0.01892840083088909,0.0,13,1.0,1490,1490,0,3347,4.18375,Medium_Coop,Survived,True,,Low,0.05878734854726063,0.024150966902195228,0.03764850605810958,0.02099532607858192,0.030000000000000027,0.012256856048811923
13,466,800,1.7167381974248928,0.0063884150406266285,200,0.460839488558848,0.31900244633628955,0.17575703938629167,0.6,40,13.200824416172278,24.466647055692256,18.833735735932265,5,2.0,0.3,0.04,-0.06,0.05,0.04,0.97,16,1.0,0.0,800,False,200,0,6,1.7167381974248928,0.0,1.0,200,1087565,255,0.00023446874439688663,0.3183237315347807,860.4680619069096,0.0,0.0,0.0,0.0,0.0,2,0.7288115387848821,1.1464427779963429,0.8335684822566904,1.22833031519011,0.013425579324535563,15,2.4117150245877816,0.0,1.0,0.3145639407944993,0.32208352227506215,-0.007519581480562865,0.0,13,1.0,1574,1574,0,3392,4.24,High_Coop,Survived,True,,Low,0.05309621065204461,0.01096723612124743,0.037876151573918215,0.002744629828821241,0.030000000000000027,0.012732949261391228
14,148,800,5.405405405405405,0.011456780020706915,200,0.47252305903697656,0.2505335574833325,0.19413330594986936,0.6,40,7.523984650779138,25.985859556837134,16.754922103808134,5,2.0,0.3,0.04,-0.06,0.05,0.04,0.97,16,0.8725,0.1275,800,False,200,0,10,5.405405405405405,0.0,0.8725,200,915962,218,0.00023800113978527494,0.054964660681106586,628.7791844560139,0.0,0.0,0.0,0.0,0.0,2,0.667284426517761,1.24373533298594,0.8123841797907377,1.1937390995628712,0.11200593079043474,20,2.468676999198623,0.0,1.0,0.05573031050075884,0.05419901086145433,0.001531299639304512,0.0,10,1.0,1070,1070,0,2324,2.905,High_Coop,Survived,True,,Low,0.059683953993000985,0.06192854065246981,0.03761264184027996,0.025085334396966735,0.030000000000000027,0.0021985864272442636
15,246,800,3.252032520325203,0.00880913068373833,200,0.31734084406697605,0.37191535765838113,0.30100107008246535,0.6,40,10.864185175899673,21.38229265713903,16.12323891651935,5,2.0,0.3,0.04,-0.06,0.05,0.08,0.97,16,1.0,0.0,800,False,200,0,10,3.252032520325203,0.0,1.0,200,872970,0,0.0,0.567721879384128,0.0,0.0,0.0,0.0,0.0,0.0,1,0.0,1.0,1.0,1.0,0.0,0,1.0,0.0,0.0,0.567721879384128,0.567721879384128,0.0,0.0,0,0.0,0,0,0,0,0.0,High_Coop,Survived,False,,Low,0.06202227760673026,0.02864757945931164,0.07503821779146158,0.0,0.030000000000000027,0.04541775035073024
16,107,800,7.4766355140186915,0.011375662920969441,200,0.3417316977944064,0.2038528585358648,0.17106486284812608,0.6,40,7.2548848473659895,18.47854434050908,12.866714593937536,5,2.0,0.3,0.04,-0.06,0.05,0.08,0.97,16,0.88625,0.11375,800,False,200,0,4,7.4766355140186915,0.0,0.88625,200,1038013,27,2.6011234926730205e-05,0.05791711185150357,317.3814125107658,0.0,0.0,0.0,0.0,0.0,2,0.5490074956378705,1.48645011589831,0.8284655827932481,1.2669950300158683,0.026250047961529053,20,2.4671913545092803,0.0,1.0,0.05895751659958845,0.05687670710341868,0.002080809496169768,0.0,10,1.0,1062,1062,0,2175,2.71875,High_Coop,Survived,True,,Low,0.07771991775361009,0.08505168539042574,0.07378240657971119,0.0057050083431727855,0.030000000000000027,0.004633368948120286
17,401,800,1.9950124688279303,0.011215289005804641,200,0.6083406085523564,0.43756080858233126,0.3139665410841377,0.6,40,10.025480375204637,29.799443804587884,19.91246208989626,5,2.0,0.3,0.04,-0.06,0.05,0.08,0.97,16,0.99875,0.00125,800,False,200,0,7,1.9950124688279303,0.0,0.99875,200,1105580,427,0.00038622261618336077,0.29731487382086486,1111.6569418201889,0.0,0.0,0.0,0.0,0.0,2,0.16538517778328138,1.2185908765983968,0.8996187035008194,1.214044297213911,0.004901335569053094,20,2.0049184694182944,0.0,1.0,0.29300912908820065,0.3016206185535291,-0.00861148946532847,0.0,10,1.0,1206,1206,0,2601,3.25125,High_Coop,Survived,True,,Low,0.05021980684685938,0.02237464140808906,0.07598241545225125,0.000597312731001305,0.030000000000000027,0.02378518990566919
18,338,800,2.366863905325444,0.010707151780030384,200,0.5699766869390838,0.34979269998667784,0.17659086901229296,0.6,40,8.949060632496767,20.02437396739478,14.486717299945774,5,2.7,0.3,0.04,-0.06,0.05,0.0,0.97,16,0.99875,0.00125,800,False,200,0,4,2.366863905325444,0.0,0.99875,200,1248950,27,2.161815925377317e-05,0.05571398854556657,338.47618333951675,0.0,0.0,0.0,0.0,0.0,3,0.48092977624831684,1.2484520948865874,0.8094228031927243,1.119671951185493,0.09121951994621988,25,2.45105534879141,0.0,1.0,0.05586023368764333,0.05556774340348981,0.0002924902841535265,0.0,8,1.0,950,950,0,2057,2.57125,High_Coop,Survived,True,,Low,0.06902875090989338,0.025342371076994993,0.0,0.0194647807352887,0.030000000000000027,0.0
19,399,800,2.0050125313283207,0.0061383598961969365,200,0.3915213267381598,0.46355637749629547,0.36786325933134867,0.6,40,13.640902679986874,26.78111295168728,20.21100781583708,5,2.7,0.3,0.04,-0.06,0.05,0.0,0.97,16,0.99875,0.00125,800,False,200,0,11,2.0050125313283207,0.0,0.99875,200,1145122,311,0.00027158678289300177,0.2967006692963161,972.6543459220466,0.0,0.0,0.0,0.0,0.0,3,0.7867456294149153,1.4245494868365853,0.8862584823921388,1.156342934937493,0.10101927478697333,15,1.5390366343726027,0.0,1.0,0.28622789205366533,0.30717344653896694,-0.02094555448530161,0.0,13,1.0,1385,1385,0,3193,3.99125,High_Coop,Survived,True,,Low,0.04947798789214327,0.012307488513678067,0.0,0.01328647933072932,0.030000000000000027,0.0
20,156,800,5.128205128205129,0.00610764120554256,200,0.426551058802572,0.4455559498125435,0.11032572062844588,0.6,40,13.41932576913796,29.76340646126165,21.591366115199804,5,2.7,0.3,0.04,-0.06,0.05,0.0,0.97,16,0.985,0.015,800,False,200,0,8,5.128205128205129,0.0,0.985,200,740139,390,0.0005269280500014187,0.057849820672778225,359.4385365470209,0.0,0.0,0.0,0.0,0.0,3,0.2406568402870164,1.3619757749791102,0.873055651928885,1.1748505302104226,0.1205896280953892,10,2.479433697222393,0.0,1.0,0.06123766296021323,0.054461978385343224,0.006775684574870003,0.0,20,0.95,1241,1241,0,3044,3.805,High_Coop,Survived,True,,Low,0.04631480910770273,0.03132123695150031,0.0,0.01798481366497498,0.030000000000000027,0.0
21,125,800,6.4,0.007215329479824512,200,0.5327200062586386,0.4218119159122683,0.31949409099287973,0.6,40,13.424937439151766,30.498962400566715,21.96194991985924,5,2.7,0.3,0.04,-0.06,0.05,0.04,0.97,16,1.0,0.0,800,False,200,0,13,6.4,0.0,1.0,200,619556,0,0.0,0.5672417693690524,0.0,0.0,0.0,0.0,0.0,0.0,1,0.0,1.0,1.0,1.0,0.0,0,1.0,0.0,0.0,0.5672417693690524,0.5672417693690524,0.0,0.0,0,0.0,0,0,0,0,0.0,High_Coop,Survived,False,,Low,0.04553329752818275,0.04617810867087688,0.03817866809887269,0.0,0.030000000000000027,0.022689670774762093
22,130,800,6.153846153846154,0.008928995134244666,200,0.31845924369874085,0.45850364694724716,0.21419574164414837,0.6,40,11.989572511606692,27.724665000248457,19.857118755927573,5,2.7,0.3,0.04,-0.06,0.05,0.04,0.97,16,0.8525,0.1475,800,False,200,0,11,6.153846153846154,0.0,0.8525,200,718109,207,0.00028825707517939476,0.053559473215512576,277.35845938422,0.0,0.0,0.0,0.0,0.0,2,0.07782849282474712,1.3785143196741279,0.8476408633386429,1.1176514195839464,0.07129118339606999,10,1.8445629098767788,0.0,1.0,0.05871647090533334,0.0484024755256918,0.01031399537964154,0.0,20,1.0,926,926,0,2649,3.31125,High_Coop,Survived,True,,Low,0.05035977335339694,0.05494766236458257,0.03798560906586412,0.012139776773161857,0.030000000000000027,0.0021423789286205033
23,156,800,5.128205128205129,0.006982151883610093,200,0.44682659452443485,0.30931598400378435,0.22845775817585984,0.6,40,11.168302731680708,22.660738432953025,16.914520582316868,5,2.7,0.3,0.04,-0.06,0.05,0.04,0.97,16,1.0,0.0,800,False,200,0,9,5.128205128205129,0.0,1.0,200,711883,0,0.0,0.5674987244333688,0.0,0.0,0.0,0.0,0.0,0.0,1,0.0,1.0,1.0,1.0,0.0,0,1.0,0.0,0.0,0.5674987244333688,0.5674987244333688,0.0,0.0,0,0.0,0,0,0,0,0.0,High_Coop,Survived,False,,Low,0.059120800683256786,0.03580590709543638,0.037635167972669734,0.0,0.030000000000000027,0.022699948977334752
24,303,800,2.6402640264026402,0.006576144663339971,200,0.3344926242724818,0.2990783855069684,0.23196729967341326,0.6,40,8.153254485440868,20.93934115481408,14.546297820127474,5,2.7,0.3,0.04,-0.06,0.05,0.08,0.97,16,0.7,0.3,800,False,200,0,10,2.6402640264026402,0.0,0.7,200,1106644,250,0.00022590824149410288,0.5033722564649042,728.9250817285102,0.0,0.0,0.0,0.0,0.0,3,0.1833761769139507,1.3642044262132376,0.8359568762809417,1.1397800163931464,0.004179661978926724,15,1.715262756859789,0.0,1.0,0.5195380993197394,0.48720641361006906,0.03233168570967032,0.0,13,1.0,1449,1449,0,3079,3.84875,Medium_Coop,Survived,True,,Low,0.06874601444061708,0.01736275818703623,0.07450031884475063,0.0007814842494910402,0.030000000000000027,0.04026978051719234
25,417,800,1.9184652278177459,0.01138408683068376,200,0.36268622568806236,0.3471496501634699,0.2844684949142014,0.6,40,13.012510419136712,28.381483504984377,20.696996962060545,5,2.7,0.3,0.04,-0.06,0.05,0.08,0.97,16,0.4475,0.5525,800,False,200,0,12,1.9184652278177459,0.0,0.4475,200,1261460,238,0.00018867027095587652,0.0594503948501507,647.6447617527516,0.0,0.0,0.0,0.0,0.0,3,0.34277067911966486,1.3804746615578194,0.8703991412099269,1.1244492694882118,0.13969001387176416,20,1.8600356343126605,0.0,1.0,0.06245672840005267,0.05644406130024873,0.006012667099803935,0.0,10,1.0,1150,1150,0,2612,3.265,Medium_Coop,Survived,True,,Low,0.04831618818097572,0.02183997473512472,0.07613470494552195,0.020356968587135104,0.030000000000000027,0.0047560315880120566
26,265,800,3.018867924528302,0.009828902851221457,200,0.46413716797806986,0.2601699309555545,0.3804051030907797,0.6,40,12.87559483248024,24.41496522627541,18.645280029377826,5,2.7,0.3,0.04,-0.06,0.05,0.08,0.97,16,0.6575,0.3425,800,False,200,0,11,3.018867924528302,0.0,0.6575,200,1141423,165,0.00014455640021271695,0.056159069169571946,917.588107439407,0.0,0.0,0.0,0.0,0.0,2,0.2361213757285845,1.432104315393285,0.810287648721343,1.2838198474773006,0.01754518870487176,20,1.9204889047823706,0.0,1.0,0.05908661537194507,0.05323152296719882,0.00585509240474625,0.0,10,1.0,1052,1052,0,2466,3.0825,Medium_Coop,Survived,True,,Low,0.05363287643974146,0.02967215955085723,0.07570936988482069,0.004273244434934118,0.030000000000000027,0.004492725533565756
27,135,800,5.925925925925926,0.011022988086516434,200,0.3219329474826312,0.3245870954797369,0.14542492060378157,0.6,40,14.296779318747756,27.100095580576525,20.69843744966214,10,1.5,0.3,0.04,-0.06,0.05,0.0,0.97,16,1.0,0.0,800,False,200,0,4,5.925925925925926,0.0,1.0,200,800263,17,2.1243016358372186e-05,0.3030970109282096,178.80068064177777,0.0,0.0,0.0,0.0,0.0,2,0.08066258191700425,1.1126169859800958,0.8271502662372209,1.2969962253774265,0.06590140918596459,15,2.4989940930051264,0.0,1.0,0.3236084916652116,0.28258553019120763,0.04102296147400397,0.0,13,1.0,701,701,0,1909,2.38625,High_Coop,Survived,True,,Low,0.04831282566290157,0.06532141088306034,0.0,0.014774137222123954,0.030000000000000027,0.0
28,245,800,3.2653061224489797,0.010633188420280621,200,0.6443041145127452,0.381939889330978,0.22553038261951402,0.6,40,8.050648863219209,25.795095560719933,16.92287221196957,10,1.5,0.3,0.04,-0.06,0.05,0.0,0.97,16,0.13625,0.86375,800,False,200,0,10,3.2653061224489797,0.0,0.13625,200,1351643,341,0.00025228555173222516,0.27489834801248175,680.9378625781223,0.0,0.0,0.0,0.0,0.0,3,0.2654426886078173,1.410710602637188,0.8237758890190878,1.107595070645178,0.10695297165600241,10,1.7332223306448655,0.0,1.0,0.30307140939036753,0.246725286634596,0.05634612275577153,0.0,20,0.95,1618,1618,0,4836,6.045,Low_Coop,Survived,True,,Low,0.05909162389660419,0.034720615249895906,0.0,0.02087561113640317,0.030000000000000027,0.0
29,266,800,3.007518796992481,0.008229994381032456,200,0.6741495896289463,0.47084010088017225,0.15860605589510582,0.6,40,10.056541897608255,22.841313196374717,16.448927546991484,10,1.5,0.3,0.04,-0.06,0.05,0.0,0.97,16,1.0,0.0,800,False,200,0,3,3.007518796992481,0.0,1.0,200,1101801,0,0.0,0.5699071197699055,0.0,0.0,0.0,0.0,0.0,0.0,1,0.0,1.0,1.0,1.0,0.0,0,1.0,0.0,0.0,0.5699071197699055,0.5699071197699055,0.0,0.0,0,0.0,0,0,0,0,0.0,High_Coop,Survived,False,,Low,0.06079423701899036,0.024751862800097613,0.0,0.0,0.030000000000000027,0.0
30,143,800,5.594405594405594,0.009524012469749002,200,0.6435317531273342,0.3680900797605829,0.2695119516567222,0.6,40,11.408886748772577,23.405729856115205,17.40730830244389,10,1.5,0.3,0.04,-0.06,0.05,0.04,0.97,16,1.0,0.0,800,False,200,0,1,5.594405594405594,0.0,1.0,200,940002,0,0.0,0.052672873998998254,528.8661626888289,0.0,0.0,0.0,0.0,0.0,3,0.7058593079135582,1.1640849777034823,0.881070351539965,1.2623878854534305,0.06241025266270539,10,2.250356205962542,0.0,1.0,0.05165975028207604,0.053685997715920475,-0.0020262474338444345,0.0,20,1.0,1496,1496,0,3353,4.19125,High_Coop,Survived,True,,Low,0.05744713557233921,0.05328118864195246,0.037702114577106434,0.009369984967157673,0.030000000000000027,0.0021069149599599302
31,481,800,1.6632016632016633,0.011704648249298642,200,0.3614310994933117,0.3205081075217377,0.2789301905813565,0.6,40,9.458862599272326,22.038600444626965,15.748731521949646,10,1.5,0.3,0.04,-0.06,0.05,0.04,0.97,16,0.99875,0.00125,800,False,200,0,5,1.6632016632016633,0.0,0.99875,200,922991,290,0.0003141959130695749,0.05754308324453139,1027.51574272565,0.0,0.0,0.0,0.0,0.0,2,0.590355268260234,1.3427189750577455,0.8621866565734833,1.175616631749836,0.07843468443885586,25,2.388958399780318,0.0,1.0,0.0586290474672497,0.05645711902181307,0.0021719284454366286,0.0,8,1.0,913,913,0,2128,2.66,High_Coop,Survived,True,,Low,0.0634971774460857,0.01946719043542394,0.03746011290215657,0.012707647057171102,0.030000000000000027,0.0023017233297812556
32,489,800,1.6359918200408998,0.007695274479458287,200,0.4319545208606944,0.29702551576207664,0.3353715562430365,0.6,40,9.286002908219825,23.660635289522297,16.47331909887106,10,1.5,0.3,0.04,-0.06,0.05,0.04,0.97,16,1.0,0.0,800,False,200,0,7,1.6359918200408998,0.0,1.0,200,890348,0,0.0,0.5681551733324961,0.0,0.0,0.0,0.0,0.0,0.0,1,0.0,1.0,1.0,1.0,0.0,0,1.0,0.0,0.0,0.5681551733324961,0.5681551733324961,0.0,0.0,0,0.0,0,0,0,0,0.0,High_Coop,Survived,False,,Low,0.06070422080687622,0.01258940610136325,0.03757183116772495,0.0,0.030000000000000027,0.022726206933299846
33,248,800,3.225806451612903,0.011795744948946266,200,0.4896391256532334,0.43761917821590046,0.11486663598707411,0.6,40,7.128440661684198,27.119621492021498,17.124031076852848,10,1.5,0.3,0.04,-0.06,0.05,0.08,0.97,16,1.0,0.0,800,False,200,0,4,3.225806451612903,0.0,1.0,200,761237,0,0.0,0.5667009676033589,0.0,0.0,0.0,0.0,0.0,0.0,1,0.0,1.0,1.0,1.0,0.0,0,1.0,0.0,0.0,0.5667009676033589,0.5667009676033589,0.0,0.0,0,0.0,0,0,0,0,0.0,High_Coop,Survived,False,,Low,0.05839746468059936,0.03805079015789118,0.07532820282555205,0.0,0.030000000000000027,0.04533607740826871
34,500,800,1.6,0.01012052645788205,200,0.6025896297752746,0.23667920681558707,0.36848853170092766,0.6,40,14.67031795060788,34.1631247000908,24.41672132534934,10,1.5,0.3,0.04,-0.06,0.05,0.08,0.97,16,0.77375,0.22625,800,False,200,0,8,1.6,0.0,0.77375,200,1184719,206,0.00017388089496327822,0.05459134201157477,1109.1123601988697,0.0,0.0,0.0,0.0,0.0,3,0.6182316453280484,1.2957197617958514,0.8196207903729992,1.1774944131129608,0.13904510134592135,20,2.153001823874553,0.0,1.0,0.0531877291907056,0.05599495483244394,-0.0028072256417383395,0.0,10,1.0,1160,1160,0,2639,3.29875,High_Coop,Survived,True,,Low,0.04095553971703007,0.01619284233261128,0.0767235568226376,0.029532555432715782,0.030000000000000027,0.004367307360925982
35,167,800,4.790419161676646,0.008247707440179976,200,0.3842464477903828,0.382182672411568,0.342829713088156,0.6,40,9.527267164198385,20.445078381685782,14.986172772942083,10,1.5,0.3,0.04,-0.06,0.05,0.08,0.97,16,0.995,0.005,800,False,200,0,7,4.790419161676646,0.0,0.995,200,992065,137,0.00013809579009439906,0.05496241787560953,401.7345635192504,0.0,0.0,0.0,0.0,0.0,3,0.5047845450727981,1.099997401310402,0.8793488542155017,1.195246778849324,0.14968209078068706,25,1.693380866939749,0.0,1.0,0.05353657995024822,0.05638825580097083,-0.0028516758507226084,0.0,8,1.0,750,750,0,1719,2.14875,High_Coop,Survived,True,,Low,0.06672817771095803,0.039509975761341194,0.07466174578312336,0.021585338985712344,0.030000000000000027,0.004396993430048762
36,319,800,2.5078369905956115,0.007471400257173645,200,0.6740991797386982,0.4356443937857599,0.36146789586814543,0.6,40,11.825427159309637,26.45248008220231,19.138953620755974,10,2.0,0.3,0.04,-0.06,0.05,0.0,0.97,16,1.0,0.0,800,False,200,0,9,2.5078369905956115,0.0,1.0,200,1087237,446,0.00041021414834116205,0.5333071898948158,1014.1330052519852,0.0,0.0,0.0,0.0,0.0,2,0.16439112052236515,1.405643876426727,0.8053716440542074,1.130688255290257,0.0006424171961784464,20,1.9592153204114666,0.0,1.0,0.5413203972886574,0.5252939825009741,0.016026414787683296,0.0,10,1.0,1190,1190,0,2448,3.06,High_Coop,Survived,True,,Low,0.0522494604363068,0.018737053936485632,0.0,0.00014137289542785303,0.030000000000000027,0.0
37,380,800,2.1052631578947367,0.010194148024974328,200,0.49531517418056425,0.44277495882405893,0.20497201450609587,0.6,40,11.364838851424508,24.542592453484925,17.95371565245472,10,2.0,0.3,0.04,-0.06,0.05,0.0,0.97,16,0.975,0.025,800,False,200,0,9,2.1052631578947367,0.0,0.975,200,1162469,642,0.0005522727917905768,0.32258882132083566,871.7374548583018,0.0,0.0,0.0,0.0,0.0,3,0.10479653638499978,1.0626690324112624,0.8532179034667748,1.1458459131958922,0.1432921680653771,15,2.1743141204056027,0.0,1.0,0.3403677420860908,0.3048099005555805,0.03555784153051028,0.0,13,1.0,1367,1367,0,3317,4.14625,High_Coop,Survived,True,,Low,0.055698776752280535,0.021461364263103848,0.0,0.024100261807506577,0.030000000000000027,0.0
38,394,800,2.030456852791878,0.011584737947596698,200,0.4165295735449698,0.2110072598702678,0.1847060737699116,0.6,40,7.326408111346726,21.38413393261495,14.355271021980839,10,2.0,0.3,0.04,-0.06,0.05,0.0,0.97,16,0.385,0.615,800,False,200,0,9,2.030456852791878,0.0,0.385,200,1332926,534,0.00040062239014018784,0.05752457044583967,755.5596708420519,0.0,0.0,0.0,0.0,0.0,2,0.5812246035707315,1.1679610148545831,0.8988322037383587,1.1592473909837906,0.13822409563930618,10,1.7957003703554135,0.0,1.0,0.057394274931742595,0.05765486595993674,-0.0002605910281941459,0.0,20,1.0,2155,2155,0,5227,6.53375,Medium_Coop,Survived,True,,Low,0.06966082343334352,0.023522310553495834,0.0,0.016210715135069602,0.030000000000000027,0.0
39,177,800,4.519774011299435,0.010621706796378038,200,0.541988742040319,0.43149971385930297,0.37401761244529763,0.6,40,5.912118587200594,24.180286621579974,15.046202604390285,10,2.0,0.3,0.04,-0.06,0.05,0.04,0.97,16,1.0,0.0,800,False,200,0,5,4.519774011299435,0.0,1.0,200,1046583,62,5.924040424887467e-05,0.2988361992257866,904.7991816421733,0.0,0.0,0.0,0.0,0.0,3,0.7423835644049253,1.2134366631418942,0.8332966862239246,1.1371486096834118,0.03985037695701921,15,1.6149100311205284,0.0,1.0,0.2855121314979114,0.3121602669536618,-0.0266481354557504,0.0,13,1.0,1329,1329,0,2904,3.63,High_Coop,Survived,True,,Low,0.0664619523140153,0.04800771433391204,0.03734152190743939,0.007554294151780481,0.030000000000000027,0.011953447969031463
40,136,800,5.882352941176471,0.009432503486128892,200,0.5795665169997288,0.24611745682382521,0.1288701224628314,0.6,40,14.027730308745333,30.15892022194087,22.093325265343104,10,2.0,0.3,0.04,-0.06,0.05,0.04,0.97,16,0.99875,0.00125,800,False,200,0,6,5.882352941176471,0.0,0.99875,200,724313,71,9.802392059786308e-05,0.31383105095421215,228.72338230391313,0.0,0.0,0.0,0.0,0.0,3,0.611972832326075,1.1744899408154388,0.8439053827700497,1.1581568208944664,0.11841794011851797,15,2.0782627460604264,0.0,1.0,0.30649815666072966,0.32116394524769465,-0.01466578858696499,0.0,13,1.0,880,880,0,2025,2.53125,High_Coop,Survived,True,,Low,0.0452625391601263,0.05548531462428761,0.03818949843359495,0.021407837456258575,0.030000000000000027,0.012553242038168487
41,468,800,1.7094017094017093,0.00878487127225816,200,0.39434633594499685,0.3304364770999192,0.224349388401514,0.6,40,9.863898929066846,22.11340937315574,15.988654151111293,10,2.0,0.3,0.04,-0.06,0.05,0.04,0.97,16,1.0,0.0,800,False,200,0,4,1.7094017094017093,0.0,1.0,200,1116052,195,0.0001747230415787078,0.33215039952064307,1212.3618344576403,0.0,0.0,0.0,0.0,0.0,3,0.41380355036718686,1.2138718862244922,0.8311713924694274,1.2469104325025777,0.014599252065913176,15,2.429811500760753,0.0,1.0,0.33892086168785424,0.3253799373534319,0.013540924334422333,0.0,13,1.0,1473,1473,0,3364,4.205,High_Coop,Survived,True,,Low,0.06254435117232772,0.015016873969672068,0.037498225953106895,0.003073349168997346,0.030000000000000027,0.013286015980825723
42,141,800,5.673758865248227,0.00762303834523124,200,0.4771868228588137,0.38830908935817376,0.186963700391537,0.6,40,7.994608328360987,26.913926124568654,17.45426722646482,10,2.0,0.3,0.04,-0.06,0.05,0.08,0.97,16,1.0,0.0,800,False,200,0,8,5.673758865248227,0.0,1.0,200,991427,143,0.0001442365398561871,0.05645304840601839,400.6735029672071,0.0,0.0,0.0,0.0,0.0,3,0.4216904123488644,1.2994365126517833,0.8207086692704441,1.1556517441770982,0.03612767657775147,25,2.3706361212588445,0.0,1.0,0.057625468698299646,0.05528062811373714,0.0023448405845625034,0.0,8,1.0,841,841,0,1790,2.2375,High_Coop,Survived,True,,Low,0.05729257991901041,0.04325128139138292,0.07541659360647918,0.0074855945814926795,0.030000000000000027,0.004516243872481471
43,455,800,1.7582417582417582,0.011740824704694806,200,0.6405166515040224,0.2786017742400877,0.10817472782039601,0.6,40,10.591242776971317,29.207742627799675,19.899492702385494,10,2.0,0.3,0.04,-0.06,0.05,0.08,0.97,16,1.0,0.0,800,False,200,0,3,1.7582417582417582,0.0,1.0,200,1240792,3,2.417810559707026e-06,0.5193347664414079,314.40316716599676,0.0,0.0,0.0,0.0,0.0,3,0.6319931546491219,1.4347863146694932,0.8398474827641478,1.1173210880251894,0.003121917841909888,15,1.9558803869733552,0.0,1.0,0.5459515786654346,0.49271795421738107,0.053233624448053574,0.0,13,1.0,1653,1653,0,3410,4.2625,High_Coop,Survived,True,,Low,0.050252537336297164,0.020643208271990867,0.07597979701309622,0.0005586415506550929,0.030000000000000027,0.04154678131531263
44,236,800,3.389830508474576,0.0076586563038436185,200,0.5756040635702652,0.27615400498930126,0.2590291904087911,0.6,40,14.579116037663432,34.35199673664432,24.465556387153875,10,2.0,0.3,0.04,-0.06,0.05,0.08,0.97,16,0.6525,0.3475,800,False,200,0,8,3.389830508474576,0.0,0.6525,200,1118705,496,0.00044336978917587747,0.05611341976343148,869.7919484058126,0.0,0.0,0.0,0.0,0.0,3,0.20084979912820922,1.1138052414261654,0.8659149457978085,1.2379575931207176,0.09517467007882532,10,1.6066467092362848,0.0,1.0,0.05803290094673222,0.054193938580130746,0.0038389623666014727,0.0,20,1.0,1927,1927,0,4420,5.525,Medium_Coop,Survived,True,,Low,0.04087378942769803,0.02596154679269023,0.07673009684578416,0.01579819681026567,0.030000000000000027,0.004489073581074519
45,457,800,1.75054704595186,0.010266034553532432,200,0.5206045848796707,0.31294982705716257,0.38641587044852577,0.6,40,11.685348570090657,24.219131937308433,17.952240253699543,10,2.7,0.3,0.04,-0.06,0.05,0.0,0.97,16,1.0,0.0,800,False,200,0,5,1.75054704595186,0.0,1.0,200,1253694,97,7.737135218003755e-05,0.3236561539156013,1335.375154191817,0.0,0.0,0.0,0.0,0.0,2,0.4711107514903691,1.1125397629099427,0.8746321815738204,1.2945677520405878,0.10954224603164521,15,2.4897679405423805,0.0,1.0,0.3276901621798924,0.31962214565131025,0.008068016528582134,0.0,13,1.0,1461,1461,0,3384,4.23,High_Coop,Survived,True,,Low,0.05570335433729075,0.01797117646132592,0.0,0.017778392679060197,0.030000000000000027,0.0
46,198,800,4.040404040404041,0.011344388718208868,200,0.3409226767384267,0.27755391629206017,0.38786251577971376,0.6,40,14.01231317120881,28.83216511977902,21.422239145493915,10,2.7,0.3,0.04,-0.06,0.05,0.0,0.97,16,0.99875,0.00125,800,False,200,0,5,4.040404040404041,0.0,0.99875,200,1069009,43,4.022417023617201e-05,0.05525522148793353,640.4355212379661,0.0,0.0,0.0,0.0,0.0,2,0.7236222289625645,1.1190322612601729,0.8768680444393336,1.1749014650342422,0.0800078479003014,25,1.9471604931437434,0.0,1.0,0.05473979616068085,0.0557706468151862,-0.0010308506545053525,0.0,8,1.0,856,856,0,1944,2.43,High_Coop,Survived,True,,Low,0.04668046104836553,0.04583591401296513,0.0,0.011574568537834229,0.030000000000000027,0.0
47,143,800,5.594405594405594,0.009675007519911856,200,0.45531401703885854,0.30217939745536815,0.38954763018895555,0.6,40,5.224955567618126,19.83671720852366,12.530836388070892,10,2.7,0.3,0.04,-0.06,0.05,0.0,0.97,16,1.0,0.0,800,False,200,0,3,5.594405594405594,0.0,1.0,200,1025195,0,0.0,0.055786895296501784,412.35519368866915,0.0,0.0,0.0,0.0,0.0,2,0.38464168032761936,1.0067972251897057,0.8703570036811967,1.121020969463792,0.05727250327806768,20,2.142811425460871,0.0,1.0,0.057184907606673704,0.05438888298632986,0.002796024620343847,0.0,10,1.0,867,867,0,1972,2.465,High_Coop,Survived,True,,Low,0.07980313277028979,0.05412591619531108,0.0,0.00832355708020335,0.030000000000000027,0.0
48,480,800,1.6666666666666667,0.009846582703529758,200,0.6681430360081313,0.2053081146239507,0.26858563926628254,0.6,40,6.01888310510803,23.248037343828834,14.633460224468433,10,2.7,0.3,0.04,-0.06,0.05,0.04,0.97,16,0.5975,0.4025,800,False,200,0,7,1.6666666666666667,0.0,0.5975,200,1364295,215,0.00015759055043080859,0.33421291895898886,865.8105994287973,0.0,0.0,0.0,0.0,0.0,3,0.1467496118777528,1.4087847373471485,0.839706588016532,1.1668498709812312,0.051582217307026765,15,2.2797682482152704,0.0,1.0,0.35639561365296946,0.31203022426500826,0.044365389387961196,0.0,13,1.0,1429,1429,0,3368,4.21,Medium_Coop,Survived,True,,Low,0.06833653726873921,0.0164109711725496,0.03726653850925043,0.009647852664449272,0.030000000000000027,0.013368516758359554
49,247,800,3.2388663967611335,0.0103441017551891,200,0.584783833280648,0.4137915894875229,0.305621339675738,0.6,40,10.219028708358238,27.049159865339597,18.634094286848917,10,2.7,0.3,0.04,-0.06,0.05,0.04,0.97,16,1.0,0.0,800,False,200,0,3,3.2388663967611335,0.0,1.0,200,1186909,71,5.981924477782206e-05,0.052367307020528844,888.0370755194352,0.0,0.0,0.0,0.0,0.0,3,0.7210346665363037,1.450036214236217,0.8204829085666231,1.1710146962218058,0.13105775903363578,20,2.4133534740818323,0.0,1.0,0.05150492638707641,0.05322968765398128,-0.0017247612669048645,0.0,10,1.0,1219,1219,0,2575,3.21875,High_Coop,Survived,True,,Low,0.05366507137971035,0.03350316357955984,0.03785339714481159,0.02755058888975364,0.030000000000000027,0.0020946922808211537
50,370,800,2.1621621621621623,0.007780032745782222,200,0.5641885840767619,0.23462871521511278,0.14778509211605168,0.6,40,11.489755621887376,30.92960288409319,21.209679252990284,10,2.7,0.3,0.04,-0.06,0.05,0.04,0.97,16,1.0,0.0,800,False,200,0,3,2.1621621621621623,0.0,1.0,200,1268277,0,0.0,0.5751226048921874,364.42337712303794,0.0,0.0,0.0,0.0,0.0,3,0.6882105956488542,1.0673395521790576,0.821866700874597,1.2910882700269837,4.7150694406961065e-05,15,2.1822130988181723,0.0,1.0,0.5958851482149962,0.5543600615693786,0.041525086645617604,0.0,13,1.0,1539,1539,0,3309,4.13625,High_Coop,Survived,True,,Low,0.04714828489728402,0.01682169242331291,0.03811406860410864,1.0843990786794538e-05,0.030000000000000027,0.023004904195687494
51,418,800,1.9138755980861244,0.00746491240833822,200,0.6292632771647337,0.4405591581639991,0.3644941280774723,0.6,40,13.094442114447958,31.561998681542104,22.328220397995032,10,2.7,0.3,0.04,-0.06,0.05,0.08,0.97,16,0.85625,0.14375,800,False,200,0,12,1.9138755980861244,0.0,0.85625,200,1154051,189,0.00016377092520174585,0.054976997381475934,844.0927221721932,0.0,0.0,0.0,0.0,0.0,2,0.7556771728217958,1.2099693229788722,0.806793228112718,1.145713462893295,0.07608742693216834,20,1.8705915783579328,0.0,1.0,0.05446978310332213,0.05548421165962974,-0.0010144285563076089,0.0,10,1.0,1135,1135,0,2573,3.21625,High_Coop,Survived,True,,Low,0.044786372678845256,0.014286913700168841,0.07641709018569239,0.016842682365884827,0.030000000000000027,0.004398159790518075
52,118,800,6.779661016949152,0.00830995426542861,200,0.6143518902679719,0.4928224032663252,0.3296079340540834,0.6,40,11.993076009401584,27.682796338131123,19.83793617376635,10,2.7,0.3,0.04,-0.06,0.05,0.08,0.97,16,1.0,0.0,800,False,200,0,5,6.779661016949152,0.0,1.0,200,651692,7,1.0741270416086127e-05,0.05683507137209052,174.78029094359107,0.0,0.0,0.0,0.0,0.0,3,0.024200486889272635,1.368849759853148,0.8687886080579358,1.2612538961997157,0.08795195836446996,25,1.6467926846638363,0.0,1.0,0.06310448520392078,0.05056565754026025,0.012538827663660532,0.0,8,1.0,418,418,0,1068,1.335,High_Coop,Survived,True,,Low,0.050408469471859584,0.05633867298595667,0.07596732244225123,0.014555246927011562,0.030000000000000027,0.004546805709767242
53,294,800,2.7210884353741496,0.009772526613909554,200,0.3065100364645342,0.3449043137485459,0.17682066537514995,0.6,40,7.324763422529866,23.706890809292233,15.51582711591105,10,2.7,0.3,0.04,-0.06,0.05,0.08,0.97,16,1.0,0.0,800,False,200,0,4,2.7210884353741496,0.0,1.0,200,1225326,5,4.0805467279728e-06,0.32940171695023446,457.9714955449928,0.0,0.0,0.0,0.0,0.0,2,0.5674722560055252,1.3713876620143886,0.8496380888801558,1.184354061659284,0.12218847051562887,15,2.0853734103026884,0.0,1.0,0.33942735261742346,0.3193760812830454,0.020051271334378062,0.0,13,1.0,1422,1422,0,3218,4.0225,High_Coop,Survived,True,,Low,0.06445031853793523,0.026591909153495383,0.07484397451696519,0.02175953545613489,0.030000000000000027,0.026352137356018757
54,144,800,5.555555555555555,0.00786565134154247,200,0.5778789625949893,0.42192058119014375,0.10711199058314375,0.6,40,7.808973684587074,23.937972641246667,15.87347316291687,20,1.5,0.3,0.04,-0.06,0.05,0.0,0.97,16,1.0,0.0,800,False,200,0,3,5.555555555555555,0.0,1.0,200,921513,0,0.0,0.5725237095442299,0.0,0.0,0.0,0.0,0.0,0.0,1,0.0,1.0,1.0,1.0,0.0,0,1.0,0.0,0.0,0.5725237095442299,0.5725237095442299,0.0,0.0,0,0.0,0,0,0,0,0.0,High_Coop,Survived,False,,Low,0.06299818506866978,0.04369806300856927,0.0,0.0,0.030000000000000027,0.0
55,275,800,2.909090909090909,0.00762798905798666,200,0.6112583396422097,0.34742254353966584,0.11641827832170171,0.6,40,9.215931228590225,27.253038020257144,18.234484624423686,20,1.5,0.3,0.04,-0.06,0.05,0.0,0.97,16,0.995,0.005,800,False,200,0,5,2.909090909090909,0.0,0.995,200,1148116,436,0.0003797525685557905,0.05434572830932437,436.73094935416134,0.0,0.0,0.0,0.0,0.0,2,0.10498914842140855,1.2705565897835192,0.8601798340994045,1.2528830762065164,0.09191480273990045,10,1.8335264019862207,0.0,1.0,0.060541315572801783,0.048150141045846945,0.012391174526954839,0.0,20,1.0,1711,1711,0,4442,5.5525,High_Coop,Survived,True,,Low,0.05484114416157269,0.02219051362323392,0.0,0.01610148068751427,0.030000000000000027,0.0
56,141,800,5.673758865248227,0.007852996464567975,200,0.4142284935612882,0.3108637954456797,0.32179900689105795,0.6,40,12.569287724830598,29.51866471207161,21.043976218451107,20,1.5,0.3,0.04,-0.06,0.05,0.0,0.97,16,1.0,0.0,569,False,200,0,1,4.035460992907802,0.06710180737959623,1.0,200,563778,0,0.0,0.04825306337963724,68.15892832607224,0.0,0.0,0.0,0.0,0.0,2,0.035945048189421146,1.1348833570535168,0.8993815009835806,1.1975159823909067,0.133798194503534,20,1.9611657422486277,0.0,1.0,0.05203709327578443,0.04446903348349004,0.007568059792294392,0.0,10,0.9,267,267,0,1015,1.7838312829525482,High_Coop,Survived,True,,Low,0.04751953668923138,0.04455600830960554,0.0,0.01612164693282022,0.030000000000000027,0.0
57,409,800,1.9559902200488997,0.006890658286959045,200,0.6484931621894978,0.2724194643514965,0.20859435571655124,0.6,40,9.063380273726818,25.1726895421926,17.11803490795971,20,1.5,0.3,0.04,-0.06,0.05,0.04,0.97,16,0.99875,0.00125,800,False,200,0,3,1.9559902200488997,0.0,0.99875,200,1223820,12,9.805363533853018e-06,0.05553706486690884,857.801324363561,0.0,0.0,0.0,0.0,0.0,2,0.688852145138096,1.1463175877632907,0.858939579896544,1.2960741291214746,0.025464172125558644,10,1.9038398301656057,0.0,1.0,0.05391744236612707,0.05715668736769061,-0.0032392450015635427,0.0,20,1.0,2279,2279,0,4996,6.245,High_Coop,Survived,True,,Low,0.05841792036158369,0.013478060218990796,0.037663283185536654,0.004655481186460087,0.030000000000000027,0.0022214825946763536
58,145,800,5.517241379310345,0.011298987553563379,200,0.3468673274948947,0.2472203528802307,0.13780425223077405,0.6,40,8.317287418375994,24.63246838571184,16.474877902043914,20,1.5,0.3,0.04,-0.06,0.05,0.04,0.97,16,0.995,0.005,800,False,200,0,3,5.517241379310345,0.0,0.995,200,1057616,114,0.00010778959471112389,0.05375205046476293,245.51579210294304,0.0,0.0,0.0,0.0,0.0,3,0.631160436800231,1.2969728564480165,0.839308072240512,1.1700710823123501,0.1011046467535446,25,2.091111635333419,0.0,1.0,0.0526607948690587,0.054843306060467174,-0.0021825111914084774,0.0,8,1.0,928,928,0,1888,2.36,High_Coop,Survived,True,,Low,0.0606984771569043,0.062339241674832443,0.03757206091372383,0.019009794546001057,0.030000000000000027,0.0021500820185905174
59,254,800,3.1496062992125986,0.010004769247986153,200,0.4681302668923436,0.4561311087020574,0.2891200697283935,0.6,40,12.432543188038007,23.751297024232503,18.091920106135255,20,1.5,0.3,0.04,-0.06,0.05,0.04,0.97,16,1.0,0.0,800,False,200,0,1,3.1496062992125986,0.0,1.0,200,1224916,0,0.0,0.5727418743414205,0.0,0.0,0.0,0.0,0.0,0.0,1,0.0,1.0,1.0,1.0,0.0,0,1.0,0.0,0.0,0.5727418743414205,0.5727418743414205,0.0,0.0,0,0.0,0,0,0,0,0.0,High_Coop,Survived,False,,Low,0.05527329294699263,0.03151108424562568,0.037789068282120294,0.0,0.030000000000000027,0.022909674973656823
60,474,800,1.6877637130801688,0.011864082667846065,200,0.49845286259637794,0.4620048148576825,0.335492485149549,0.6,40,5.472145467782759,24.05090138849306,14.76152342813791,20,1.5,0.3,0.04,-0.06,0.05,0.08,0.97,16,1.0,0.0,800,False,200,0,2,1.6877637130801688,0.0,1.0,200,1278197,0,0.0,0.05755839268071053,468.97533893463634,0.0,0.0,0.0,0.0,0.0,2,0.7085735906912372,1.4616437226479442,0.862144893878725,1.183068400738115,0.0959531017499513,25,1.7005734395368508,0.0,1.0,0.05715761468417346,0.0579591706772476,-0.0008015559930741392,0.0,8,1.0,985,985,0,2128,2.66,High_Coop,Survived,True,,Low,0.06774368545822543,0.020023768215773948,0.07458050516334197,0.015649185183186337,0.030000000000000027,0.004604671414456842
61,140,800,5.714285714285714,0.0116186002770684,200,0.5605058884549214,0.2894031399444507,0.12072852281083736,0.6,40,12.680824590731271,23.291385624379725,17.9861051075555,20,1.5,0.3,0.04,-0.06,0.05,0.08,0.97,16,1.0,0.0,800,False,200,0,2,5.714285714285714,0.0,1.0,200,983579,0,0.0,0.5729083573698495,0.0,0.0,0.0,0.0,0.0,0.0,1,0.0,1.0,1.0,1.0,0.0,0,1.0,0.0,0.0,0.5729083573698495,0.5729083573698495,0.0,0.0,0,0.0,0,0,0,0,0.0,High_Coop,Survived,False,,Low,0.05559847415658245,0.066392001583248,0.0755521220674734,0.0,0.030000000000000027,0.045832668589587955
62,107,800,7.4766355140186915,0.007460227042729453,200,0.5198857384418473,0.37808922228038244,0.3378388326818638,0.6,40,11.365844109544279,26.446715840358557,18.906279974951417,20,1.5,0.3,0.04,-0.06,0.05,0.08,0.97,16,1.0,0.0,180,False,200,0,1,1.6822429906542056,0.012895213338255844,1.0,200,191103,0,0.0,0.031387116760235714,36.094726558919206,0.0,0.0,0.0,0.0,0.0,2,0.2359957887097134,1.4058778045191462,0.8256726373711024,1.2853845515050808,0.10533915174001324,10,2.4281835454167098,0.0,1.0,0.04018793222081397,0.02258630129965746,0.017601630921156505,0.0,20,0.55,135,135,0,969,5.383333333333334,High_Coop,Survived,True,,Low,0.052892478124987125,0.05577739845031367,0.07576860175000104,0.02360415471837557,0.030000000000000027,0.002510969340818857
63,482,800,1.6597510373443984,0.00820770048597946,200,0.6479058331865852,0.22106961664709712,0.19824085009824827,0.6,40,13.351124200056514,30.340131428847737,21.845627814452126,20,2.0,0.3,0.04,-0.06,0.05,0.0,0.97,16,0.9975,0.0025,800,False,200,0,6,1.6597510373443984,0.0,0.9975,200,1200331,168,0.0001399613939821599,0.05654982538948958,350.82671394187435,0.0,0.0,0.0,0.0,0.0,2,0.4360543712824986,1.2779142739919869,0.8786019337251807,1.2022381002674805,0.0562375803175244,25,1.8206783974879919,0.0,1.0,0.05888653647576363,0.05421311430321553,0.004673422172548104,0.0,8,1.0,907,907,0,2096,2.62,High_Coop,Survived,True,,Low,0.04577575011776238,0.013622739395816532,0.0,0.00820784001234488,0.030000000000000027,0.0
64,255,800,3.1372549019607843,0.006449521706906513,200,0.6644150307724075,0.40649564271189675,0.36867845974344937,0.6,40,9.870017741003892,20.801005359955646,15.335511550479769,20,2.0,0.3,0.04,-0.06,0.05,0.0,0.97,16,1.0,0.0,800,False,200,0,6,3.1372549019607843,0.0,1.0,200,1199470,95,7.92016473942658e-05,0.3138663704710951,847.2412129680033,0.0,0.0,0.0,0.0,0.0,2,0.15241295014416345,1.0339230508453674,0.8573467328995319,1.1755174560401969,0.05657774974764914,15,1.970882614163318,0.0,1.0,0.3361841269530816,0.2915486139891086,0.044635512963973,0.0,13,1.0,1204,1204,0,2975,3.71875,High_Coop,Survived,True,,Low,0.0652081279915775,0.02023379359029494,0.0,0.009487602383004988,0.030000000000000027,0.0
65,274,800,2.9197080291970803,0.006227045645457601,200,0.4701497102929745,0.2463552013240052,0.17967760150571632,0.6,40,10.801869869890254,30.786761169226494,20.794315519558374,20,2.0,0.3,0.04,-0.06,0.05,0.0,0.97,16,1.0,0.0,800,False,200,0,1,2.9197080291970803,0.0,1.0,200,1300476,0,0.0,0.12970684044462077,374.9700267928321,0.0,0.0,0.0,0.0,0.0,2,0.6465204099315311,1.2545516636536773,0.871125612758017,1.224163832088442,0.008379854487119148,10,1.600387021634943,0.0,1.0,0.13953657617531723,0.11987710471392429,0.019659471461392936,0.0,20,1.0,2116,2116,0,4651,5.81375,High_Coop,Survived,True,,Low,0.04809006572298263,0.01818115516921927,0.0,0.0013220340315748087,0.030000000000000027,0.0
66,192,800,4.166666666666667,0.010698894126836998,200,0.40034530641498656,0.2014007375834848,0.2087973018666451,0.6,40,10.559285907011418,25.159144060107657,17.85921498355954,20,2.0,0.3,0.04,-0.06,0.05,0.04,0.97,16,1.0,0.0,800,False,200,0,3,4.166666666666667,0.0,1.0,200,1223615,0,0.0,0.05756493893645413,244.78486642045277,0.0,0.0,0.0,0.0,0.0,3,0.20857646981132572,1.1494679201638158,0.8589366429058716,1.1884380589361794,0.07853734294615233,25,2.237321495372786,0.0,1.0,0.06075175406725808,0.05437812380565019,0.006373630261607886,0.0,8,1.0,864,864,0,1886,2.3575,High_Coop,Survived,True,,Low,0.0559935025655136,0.044578725528487496,0.03776025989737946,0.013166397750453291,0.030000000000000027,0.0023025975574581655
67,100,800,8.0,0.009494917118540275,200,0.4903623806921675,0.3412198911068364,0.1859861366447496,0.6,40,5.519823807177795,23.73144441366039,14.625634110419092,20,2.0,0.3,0.04,-0.06,0.05,0.04,0.97,16,1.0,0.0,484,False,200,0,1,4.84,0.1019545332238738,1.0,200,339641,0,0.0,0.051915138136608946,38.87438527235987,0.0,0.0,0.0,0.0,0.0,2,0.21699801975470204,1.1823812780133238,0.8154923894251165,1.151576210403583,0.1325020288385618,20,2.2719309816678233,0.0,1.0,0.05640458680307983,0.047425689470138054,0.008978897332941778,0.0,10,0.9,193,193,0,742,1.5330578512396693,High_Coop,Survived,True,,Low,0.06837310385657838,0.0759593369483222,0.037265075845736864,0.028153312260989997,0.030000000000000027,0.002076605525464358
68,478,800,1.6736401673640167,0.01109352728641869,200,0.47698095158561465,0.4375814357768662,0.271792114734544,0.6,40,14.605411284506214,29.881256502263845,22.243333893385028,20,2.0,0.3,0.04,-0.06,0.05,0.04,0.97,16,0.99625,0.00375,800,False,200,0,5,1.6736401673640167,0.0,0.99625,200,1086929,208,0.00019136484535788446,0.05220884355736319,881.657702037378,0.0,0.0,0.0,0.0,0.0,3,0.7218498399892068,1.0278383243448825,0.851562566402214,1.2097399326361584,0.021065275974203816,20,1.8223976668164539,0.0,1.0,0.04968046165504763,0.05473722545967875,-0.0050567638046311175,0.0,10,1.0,1176,1176,0,2649,3.31125,High_Coop,Survived,True,,Low,0.04495728944200182,0.018566572864299063,0.03820170842231993,0.003782706161135007,0.030000000000000027,0.0020883537422945278
69,274,800,2.9197080291970803,0.008192186605029211,200,0.33929702547681057,0.23227380365551786,0.15525916966242445,0.6,40,10.132979036364537,26.37408522391575,18.253532130140144,20,2.0,0.3,0.04,-0.06,0.05,0.08,0.97,16,1.0,0.0,800,False,200,0,1,2.9197080291970803,0.0,1.0,200,1324343,0,0.0,0.056363559836325905,139.0801912051041,0.0,0.0,0.0,0.0,0.0,3,0.05866085707662849,1.1336059181160705,0.8770454214431567,1.1457158129604283,0.0454106944773947,20,1.549816147401157,0.0,1.0,0.06061166063653178,0.052115459036120027,0.008496201600411757,0.0,10,1.0,986,986,0,2326,2.9075,High_Coop,Survived,True,,Low,0.05478391759306709,0.02391879300738456,0.07561728659255464,0.006397050165529887,0.030000000000000027,0.004509084786906072
70,439,800,1.8223234624145785,0.011211689440022824,200,0.3962425486007197,0.2426534146003198,0.17086925704502795,0.6,40,8.346857023836339,19.90242890813967,14.124642965988004,20,2.0,0.3,0.04,-0.06,0.05,0.08,0.97,16,1.0,0.0,800,False,200,0,1,1.8223234624145785,0.0,1.0,200,1388791,0,0.0,0.051339604871589416,264.7160894130239,0.0,0.0,0.0,0.0,0.0,3,0.7889433663183921,1.30897597721147,0.8324638100138921,1.1805396204046399,0.09929308416374463,25,2.4056394660437426,0.0,1.0,0.04865874546243402,0.054020464280744813,-0.0053617188183107956,0.0,8,1.0,906,906,0,2128,2.66,High_Coop,Survived,True,,Low,0.07079824972624015,0.02043132471985936,0.0743361400219008,0.019638495000329034,0.030000000000000027,0.004107168389727153
71,277,800,2.888086642599278,0.011704491717836794,200,0.6281003553620963,0.37570468531694456,0.1083697742096194,0.6,40,6.600885971774565,24.87441539843109,15.737650685102828,20,2.0,0.3,0.04,-0.06,0.05,0.08,0.97,16,1.0,0.0,800,False,200,0,1,2.888086642599278,0.0,1.0,200,1184153,0,0.0,0.05480376647370569,157.70562008877872,0.0,0.0,0.0,0.0,0.0,3,0.5911835201595267,1.3507022775190367,0.8939330048204236,1.2041194381717197,0.14461188457781182,25,1.6062413584651716,0.0,1.0,0.053976754383160984,0.05563077856425039,-0.0016540241810894044,0.0,8,1.0,910,910,0,2053,2.56625,High_Coop,Survived,True,,Low,0.0635418856352298,0.033803586188698324,0.07491664914918161,0.018469443877704418,0.030000000000000027,0.004384301317896455
72,286,800,2.797202797202797,0.008466819757383401,200,0.47011062055337466,0.27667114374652224,0.13261658156536266,0.6,40,6.412440332904742,21.25546778320462,13.83395405805468,20,2.7,0.3,0.04,-0.06,0.05,0.0,0.97,16,0.99875,0.00125,800,False,200,0,3,2.797202797202797,0.0,0.99875,200,1183901,4,3.3786608846516728e-06,0.05659097751988788,300.0223829837221,0.0,0.0,0.0,0.0,0.0,2,0.4023608173332942,1.2902073069161508,0.8115425539258225,1.2631972130908804,0.03074151076444006,20,2.4326121898016404,0.0,1.0,0.05993050856161408,0.05325144647816168,0.006679062083452404,0.0,10,1.0,1088,1088,0,2420,3.025,High_Coop,Survived,True,,Low,0.07228591303711611,0.023683411908764756,0.0,0.007318290872259432,0.030000000000000027,0.0
73,373,800,2.1447721179624666,0.011589938866966205,200,0.3862139059950601,0.41887815466622746,0.2582820307599978,0.6,40,6.992508132127671,26.066386419902635,16.529447276015155,20,2.7,0.3,0.04,-0.06,0.05,0.0,0.97,16,1.0,0.0,800,False,200,0,1,2.1447721179624666,0.0,1.0,200,1436178,0,0.0,0.3323305515562952,357.56479908497073,0.0,0.0,0.0,0.0,0.0,2,0.40571348926140494,1.3910668654683072,0.813382093104117,1.2639876027976724,0.11411992739531265,15,1.617285900813048,0.0,1.0,0.343121959436811,0.3215391436757794,0.021582815761031604,0.0,13,1.0,1459,1459,0,3387,4.23375,High_Coop,Survived,True,,Low,0.06049809066822442,0.024857777730758618,0.0,0.026918918968816864,0.030000000000000027,0.0
74,332,800,2.4096385542168677,0.011209086006323003,200,0.6473490938200432,0.47874294589067823,0.14393015309600693,0.6,40,12.654277790297925,24.59397435271423,18.624126071506076,20,2.7,0.3,0.04,-0.06,0.05,0.0,0.97,16,1.0,0.0,800,False,200,0,4,2.4096385542168677,0.0,1.0,200,1250625,17,1.359320339830085e-05,0.060108127191928346,233.3680300947786,0.0,0.0,0.0,0.0,0.0,3,0.7872727279579421,1.4277703947478442,0.8430341228369892,1.1292852540899592,0.017377496096959728,25,1.8466945054223478,0.0,1.0,0.06411947045920081,0.056096783924655884,0.00802268653454493,0.0,8,1.0,975,975,0,2108,2.635,High_Coop,Survived,True,,Low,0.053693794606016275,0.027009845798368685,0.0,0.0030803219332877297,0.030000000000000027,0.0
75,170,800,4.705882352941177,0.011773179094279579,200,0.4678170001819482,0.45687839996377566,0.33488656874364475,0.6,40,12.590830811751138,29.747950110358225,21.169390461054682,20,2.7,0.3,0.04,-0.06,0.05,0.04,0.97,16,1.0,0.0,800,False,200,0,3,4.705882352941177,0.0,1.0,200,903504,127,0.00014056384919159184,0.055670687542023214,1142.3361130275036,0.0,0.0,0.0,0.0,0.0,3,0.41495627178210504,1.186594862432947,0.8018747864824628,1.2572293020993577,0.06594056892200287,20,2.0623419298728884,0.0,1.0,0.056686250184693206,0.05465512489935323,0.0020311252853399756,0.0,10,1.0,946,946,0,2373,2.96625,High_Coop,Survived,True,,Low,0.04723801574918746,0.05540319573778626,0.0381104793700325,0.01642505876132747,0.030000000000000027,0.002226827501680929
76,238,800,3.361344537815126,0.010777563816461534,200,0.35700599919104403,0.3663810252511196,0.15011120133254352,0.6,40,9.400618802457547,22.29249724191614,15.846558022186844,20,2.7,0.3,0.04,-0.06,0.05,0.04,0.97,16,1.0,0.0,800,False,200,0,3,3.361344537815126,0.0,1.0,200,1265801,1,7.900135961339894e-07,0.05602299260313218,257.2280088131409,0.0,0.0,0.0,0.0,0.0,3,0.314127576061496,1.1658768190031181,0.8063834972361399,1.2042612506173338,0.05137534230540994,20,2.1207710898976613,0.0,1.0,0.05647085929586358,0.05557512591040078,0.0008957333854628033,0.0,10,1.0,1094,1094,0,2432,3.04,High_Coop,Survived,True,,Low,0.0631051865395561,0.03622710526541692,0.037475792538417756,0.011978924072686217,0.030000000000000027,0.0022409197041252872
77,362,800,2.2099447513812156,0.006493127789175404,200,0.5108696233383989,0.37354595764250254,0.17343215015405017,0.6,40,6.115017557283516,25.3231271685699,15.719072362926708,20,2.7,0.3,0.04,-0.06,0.05,0.04,0.97,16,1.0,0.0,800,False,200,0,1,2.2099447513812156,0.0,1.0,200,1352162,0,0.0,0.2949255816733538,264.9461108316839,0.0,0.0,0.0,0.0,0.0,3,0.7486072322058361,1.0186280117672992,0.8015189011415065,1.2290464073742875,0.07757823598315924,15,1.8361350214868528,0.0,1.0,0.2783104498995917,0.31154071344711587,-0.033230263547524175,0.0,13,1.0,1421,1421,0,3158,3.9475,High_Coop,Survived,True,,Low,0.06361698558996974,0.0143494536777357,0.03745532057640121,0.018924627394862434,0.030000000000000027,0.011797023266934152
78,184,800,4.3478260869565215,0.010797733071160314,200,0.38968913506772934,0.34123248217526203,0.31077530909487655,0.6,40,7.374897188342295,27.232843442909434,17.303870315625865,20,2.7,0.3,0.04,-0.06,0.05,0.08,0.97,16,1.0,0.0,800,False,200,0,4,4.3478260869565215,0.0,1.0,200,1107426,150,0.00013544923091926683,0.05492676204850176,992.3871566265306,0.0,0.0,0.0,0.0,0.0,2,0.19991205840835147,1.2692955647009891,0.8347013330719503,1.2480765690380842,0.045177856354958044,10,1.5982295055177933,0.0,1.0,0.0598371789660665,0.05001634513093702,0.00982083383512948,0.0,20,1.0,1746,1746,0,4316,5.395,High_Coop,Survived,True,,Low,0.05779053944347773,0.04694666552678397,0.07537675684452179,0.009320435414098306,0.030000000000000027,0.004394140963880141
79,419,800,1.909307875894988,0.007493488431852818,200,0.6845112045853439,0.4301627397113592,0.38536844505828816,0.6,40,5.83121173365369,17.251354183104034,11.541282958378861,20,2.7,0.3,0.04,-0.06,0.05,0.08,0.97,16,1.0,0.0,800,False,200,0,2,1.909307875894988,0.0,1.0,200,1272014,0,0.0,0.5737088068866334,0.0,0.0,0.0,0.0,0.0,0.0,1,0.0,1.0,1.0,1.0,0.0,0,1.0,0.0,0.0,0.5737088068866334,0.5737088068866334,0.0,0.0,0,0.0,0,0,0,0,0.0,High_Coop,Survived,False,,Low,0.08664547984884206,0.014307376480864567,0.07306836161209264,0.0,0.030000000000000027,0.04589670455093067
80,212,800,3.7735849056603774,0.007991084498520103,200,0.4822418931639022,0.3990379846278945,0.15894360312651792,0.6,40,14.884425116937935,29.504415667334317,22.194420392136127,20,2.7,0.3,0.04,-0.06,0.05,0.08,0.97,16,1.0,0.0,800,False,200,0,1,3.7735849056603774,0.0,1.0,200,1173703,0,0.0,0.5745277567244848,0.0,0.0,0.0,0.0,0.0,0.0,1,0.0,1.0,1.0,1.0,0.0,0,1.0,0.0,0.0,0.5745277567244848,0.5745277567244848,0.0,0.0,0,0.0,0,0,0,0,0.0,High_Coop,Survived,False,,Low,0.04505636922847139,0.030155035843472087,0.0763954904617223,0.0,0.030000000000000027,0.04596222053795878
81,277,800,2.888086642599278,0.010891579356459982,200,0.4186609374856077,0.27874649637909116,0.35122914416024287,0.6,40,7.668107368948274,24.29730905293595,15.982708210942112,20,2.0,0.3,0.04,-0.06,0.05,0.08,0.97,16,1.0,0.0,800,False,200,0,3,2.888086642599278,0.0,1.0,200,1113437,0,0.0,0.5717932817142134,0.0,0.0,0.0,0.0,0.0,0.0,1,0.0,1.0,1.0,1.0,0.0,0,1.0,0.0,0.0,0.5717932817142134,0.5717932817142134,0.0,0.0,0,0.0,0,0,0,0,0.0,High_Coop,Survived,False,,Low,0.06256761912949009,0.031455824856202116,0.0749945904696408,0.0,0.030000000000000027,0.04574346253713707
82,446,800,1.7937219730941705,0.009878506279138704,200,0.6195093094656687,0.2307488858014224,0.15429089147714203,0.6,40,5.224329341333176,21.37722631907048,13.300777830201827,5,2.0,0.3,0.04,-0.06,0.05,0.04,0.97,16,0.20125,0.79875,800,False,200,0,11,1.7937219730941705,0.0,0.20125,200,1457426,93,6.381113003336018e-05,0.31200421000458733,280.2377224899993,0.0,0.0,0.0,0.0,0.0,2,0.1299934195221729,1.0073051905170418,0.845586939220385,1.1889421499968422,0.12345894057946719,15,1.6755485806118673,0.0,1.0,0.3247680703069153,0.2992403497022594,0.025527720604655912,0.0,13,1.0,1163,1163,0,3368,4.21,Low_Coop,Survived,True,,Low,0.07518357292829286,0.01771929377423983,0.03699265708286829,0.02266560423919345,0.030000000000000027,0.012480168400183494
83,215,800,3.7209302325581395,0.0066852898002986855,200,0.6186525956606443,0.22225371391701212,0.18539732238552853,0.6,40,8.43196491884306,25.493686573564116,16.96282574620359,20,1.5,0.3,0.04,-0.06,0.05,0.08,0.97,16,1.0,0.0,800,False,200,0,3,3.7209302325581395,0.0,1.0,200,1130419,25,2.2115693384488407e-05,0.32426660029601073,354.58948754756,0.0,0.0,0.0,0.0,0.0,3,0.1532131446797978,1.253698673824297,0.80374298496434,1.103307049408546,0.029780010735900635,15,1.7076716786693193,0.0,1.0,0.34083922312618314,0.3076939774658383,0.033145245660344824,0.0,13,1.0,1236,1236,0,2744,3.43,High_Coop,Survived,True,,Low,0.058952441943454365,0.024875496931343947,0.07528380464452365,0.006448317785604372,0.030000000000000027,0.02594132802368086
84,255,800,3.1372549019607843,0.006449126666174081,200,0.625878159540198,0.2453127670017946,0.22593927196736044,0.6,40,13.58807788371578,30.194085470568375,21.891081677142076,20,2.7,0.3,0.04,-0.06,0.05,0.04,0.97,16,1.0,0.0,799,False,200,0,3,3.1372549019607843,0.0002724482116439595,1.0,200,1091923,11,1.0073970417327961e-05,0.05642315033488151,724.5877978307823,0.0,0.0,0.0,0.0,0.0,3,0.36766109780881967,1.4322433166933148,0.8274486529505797,1.2584084668158948,0.11416458884350283,10,1.8976345833900305,0.0,1.0,0.05908859569788965,0.05375770497187337,0.00533089072601628,0.0,20,1.0,1845,1845,0,4236,5.30162703379224,High_Coop,Survived,True,,Low,0.04568070297979684,0.020232554246820644,0.03817277188080813,0.024789707507973893,0.030000000000000027,0.0022569260133952604
85,122,800,6.557377049180328,0.006998725226727651,200,0.4201111146119154,0.328349531123978,0.10224756215230028,0.6,40,13.022312517630155,29.25910018488662,21.140706351258387,5,1.5,0.3,0.04,-0.06,0.05,0.08,0.97,16,0.67375,0.32625,800,False,200,0,15,6.557377049180328,0.0,0.67375,200,705541,283,0.000401110637085584,0.05888709631496931,194.9408469637123,0.0,0.0,0.0,0.0,0.0,3,0.2016837172891254,1.4513882346210627,0.8926482648425915,1.2100039619396554,0.1400804380285885,10,2.1864190446636695,0.0,1.0,0.06359109681313649,0.054183095816802126,0.009408000996334362,0.0,20,1.0,1088,1088,0,2754,3.4425,Medium_Coop,Survived,True,,Low,0.04730210918144065,0.04589328017526329,0.07621583126548476,0.018195892060779865,0.030000000000000027,0.004710967705197544
86,428,800,1.8691588785046729,0.00824270597671415,200,0.6792062286689933,0.41500666746531084,0.1584067153053247,0.6,40,5.176412120245965,21.195738696916678,13.18607540858132,10,2.0,0.3,0.04,-0.06,0.05,0.08,0.97,16,1.0,0.0,800,False,200,0,5,1.8691588785046729,0.0,1.0,200,1265211,428,0.00033828349579635334,0.054210409717201355,732.2478511062543,0.0,0.0,0.0,0.0,0.0,2,0.1250914974822286,1.3993247588657278,0.8192802807420392,1.2136860263257077,0.10294674806588178,10,1.8014734471181515,0.0,1.0,0.05939101157393437,0.049029807860468344,0.010361203713466029,0.0,20,1.0,1881,1881,0,4982,6.2275,High_Coop,Survived,True,,Low,0.07583757630789928,0.015406927059278784,0.07393299389536806,0.022580030668959618,0.030000000000000027,0.0043368327773761085
87,466,800,1.7167381974248928,0.0065430046286812735,200,0.5108918432266498,0.31238889737444675,0.1324954518212454,0.6,40,9.225538783886396,22.580900291903536,15.903219537894966,10,2.0,0.3,0.04,-0.06,0.05,0.04,0.97,16,1.0,0.0,800,False,200,0,5,1.7167381974248928,0.0,1.0,200,1256957,360,0.0002864059788839236,0.053975133428148754,771.1117624399693,0.0,0.0,0.0,0.0,0.0,2,0.1252180135547234,1.218545619263026,0.8157712473524381,1.2007413553949875,0.0491655982515904,10,2.1748547041102646,0.0,1.0,0.05904963102880721,0.048900635827490296,0.010148995201316915,0.0,20,1.0,2076,2076,0,5072,6.34,High_Coop,Survived,True,,Low,0.06288034932908719,0.01123262597198502,0.03748478602683652,0.010875975194118885,0.030000000000000027,0.0021590053371259503
88,122,800,6.557377049180328,0.010249211293855797,200,0.5792441662667469,0.39004711105829315,0.3203758300528339,0.6,40,6.272464208340667,22.762839099114995,14.517651653727832,20,1.5,0.3,0.04,-0.06,0.05,0.0,0.97,16,0.99625,0.00375,800,False,200,0,5,6.557377049180328,0.0,0.99625,200,708726,239,0.0003372248231333407,0.05589683235666976,592.7930035031471,0.0,0.0,0.0,0.0,0.0,2,0.31940761751865687,1.479292029036374,0.8414592922001899,1.2937877087438023,0.11791825101819692,20,1.87277835043455,0.0,1.0,0.059726687626539966,0.05206697708679955,0.007659710539740419,0.0,10,1.0,685,685,0,1813,2.26625,High_Coop,Survived,True,,Low,0.06888166377399066,0.06720794291052981,0.0,0.024187158063048744,0.030000000000000027,0.0
89,119,800,6.722689075630252,0.00704358244718559,200,0.3799959537510589,0.4586646612505678,0.12902992182183629,0.6,40,7.697894739633839,23.74561579297505,15.721755266304445,10,2.0,0.3,0.04,-0.06,0.05,0.08,0.97,16,1.0,0.0,800,False,200,0,3,6.722689075630252,0.037942385099091466,1.0,200,524221,22,4.196703298799552e-05,0.05472075109684232,81.90268930735458,0.0,0.0,0.0,0.0,0.0,2,0.23250041082365636,1.0966976544558324,0.8324396065330777,1.2057903996627068,0.13951624481865296,20,2.26699048204508,0.0,1.0,0.05762229366197135,0.05181920853171328,0.005803085130258068,0.0,10,1.0,415,415,0,1145,1.43125,High_Coop,Survived,True,,Low,0.06360612940867003,0.047351814770995565,0.0749115096473064,0.028188240723199767,0.030000000000000027,0.004377660087747385
90,472,800,1.694915254237288,0.011521312521027905,200,0.6106583486535462,0.41297582180896386,0.3191131513778267,0.6,40,9.131201031625949,29.038478010090447,19.084839520858196,20,2.0,0.3,0.04,-0.06,0.05,0.0,0.97,16,1.0,0.0,800,False,200,0,1,1.694915254237288,0.0,1.0,200,1330162,0,0.0,0.5751441307356036,0.0,0.0,0.0,0.0,0.0,0.0,1,0.0,1.0,1.0,1.0,0.0,0,1.0,0.0,0.0,0.5751441307356036,0.5751441307356036,0.0,0.0,0,0.0,0,0,0,0,0.0,High_Coop,Survived,False,,Low,0.05239761114611838,0.019527648340725262,0.0,0.0,0.030000000000000027,0.0
91,133,800,6.015037593984962,0.008688125443282416,200,0.4101806347834709,0.47518119433471523,0.2749426132025882,0.6,40,10.406564838318006,22.439826482381804,16.423195660349904,5,2.0,0.3,0.04,-0.06,0.05,0.08,0.97,16,0.9775,0.0225,800,False,200,0,7,6.015037593984962,0.0,0.9775,200,943074,222,0.00023540040336177224,0.05577232749549331,424.5188023884355,0.0,0.0,0.0,0.0,0.0,3,0.10527590367179239,1.3112834234428337,0.8625837437490451,1.243346066505749,0.05275794449826428,20,1.5950691553335092,0.0,1.0,0.05936096276222853,0.052183692228758086,0.007177270533470441,0.0,10,1.0,894,894,0,2004,2.505,High_Coop,Survived,True,,Low,0.060889489517212174,0.05225940116260099,0.07512884083862302,0.009014009343699395,0.030000000000000027,0.004461786199639465
92,338,800,2.366863905325444,0.01091679456178868,200,0.45144809552837295,0.29307796782007844,0.16109116558798284,0.6,40,12.753083108553382,24.093814762453,18.423448935503192,5,2.7,0.3,0.04,-0.06,0.05,0.0,0.97,16,0.39625,0.60375,800,False,200,0,10,2.366863905325444,0.0,0.39625,200,1326907,234,0.00017634996273288182,0.0577759896539015,448.89105932294046,0.0,0.0,0.0,0.0,0.0,3,0.021127594451757315,1.2066401875929653,0.8948440136215585,1.248057945801852,0.06903813709201777,20,2.4659870304780123,0.0,1.0,0.06336970406369132,0.05218227524411169,0.011187428819579626,0.0,10,1.0,1058,1058,0,2577,3.22125,Medium_Coop,Survived,True,,Low,0.05427865344327221,0.025838567010150724,0.0,0.00906061788113535,0.030000000000000027,0.0
93,249,800,3.21285140562249,0.011789521295628795,200,0.44562544846900487,0.39609562344543525,0.2797502815455999,0.6,40,6.41601657351135,23.786209018137406,15.101112795824378,5,2.0,0.3,0.04,-0.06,0.05,0.08,0.97,16,1.0,0.0,800,False,200,0,11,3.21285140562249,0.0,1.0,200,747837,0,0.0,0.5681732048472304,0.0,0.0,0.0,0.0,0.0,0.0,1,0.0,1.0,1.0,1.0,0.0,0,1.0,0.0,0.0,0.5681732048472304,0.5681732048472304,0.0,0.0,0,0.0,0,0,0,0,0.0,High_Coop,Survived,False,,Low,0.06622028545316945,0.03787798006627725,0.07470237716374645,0.0,0.030000000000000027,0.045453856387778435
94,313,800,2.5559105431309903,0.00843983837417909,200,0.4288791269288612,0.36441724950638,0.13312118956654762,0.6,40,7.61016404083988,19.719659257143604,13.664911648991742,5,2.7,0.3,0.04,-0.06,0.05,0.0,0.97,16,0.905,0.095,800,False,200,0,10,2.5559105431309903,0.0,0.905,200,1253950,359,0.0002862953068304159,0.30153397047069064,341.6829039949272,0.0,0.0,0.0,0.0,0.0,2,0.014172005510443331,1.1190201023147566,0.8667435392410614,1.1903776865900182,0.08753950167377084,15,1.8707766832606056,0.0,1.0,0.33205612803387663,0.27101181290750465,0.061044315126371984,0.0,13,1.0,1234,1234,0,3122,3.9025,High_Coop,Survived,True,,Low,0.07318012920147818,0.021571471882885853,0.0,0.013885998753065681,0.030000000000000027,0.0
95,391,800,2.0460358056265986,0.007649349227725486,200,0.3359018970783458,0.3129995582207656,0.3700493321654479,0.6,40,10.500176086318493,26.314187592062144,18.40718183919032,20,2.7,0.3,0.04,-0.06,0.05,0.08,0.97,16,1.0,0.0,800,False,200,0,2,2.0460358056265986,0.0,1.0,200,1431357,0,0.0,0.05847258379504622,1092.3149448863687,0.0,0.0,0.0,0.0,0.0,3,0.043213090100565316,1.3594566735294906,0.885528671458265,1.126284556596275,0.017452807108730404,10,1.6906122500184981,0.0,1.0,0.06413904759207412,0.05280611999801831,0.011332927594055804,0.0,20,1.0,2178,2178,0,4907,6.13375,High_Coop,Survived,True,,Low,0.054326621464178854,0.015650842409668513,0.07565387028286569,0.0022501431148627435,0.030000000000000027,0.0046778067036036975
96,145,800,5.517241379310345,0.01098344696604699,200,0.6555798589066579,0.4179557084880709,0.22354113114079677,0.6,40,12.93647065195879,23.804378778699473,18.370424715329133,5,2.0,0.3,0.04,-0.06,0.05,0.04,0.97,16,0.75,0.25,800,False,200,0,16,5.517241379310345,0.0,0.75,200,1131173,321,0.0002837762216743151,0.05203846886916073,413.4938298950939,0.0,0.0,0.0,0.0,0.0,2,0.07013621052904258,1.079517780087176,0.8802899033303042,1.1505806430721137,0.06674638798257419,25,2.421130678173564,0.0,1.0,0.05650768612688443,0.047569251611437026,0.008938434515447402,0.0,8,1.0,776,776,0,1893,2.36625,High_Coop,Survived,True,,Low,0.05443532283527194,0.060598328088535124,0.03782258708658912,0.009193388505297969,0.030000000000000027,0.002081538754766429
97,243,800,3.292181069958848,0.006374918862516963,200,0.40277591233783105,0.49655805392173624,0.1617687073731902,0.6,40,13.896605828725244,27.95553938677157,20.926072607748406,20,2.0,0.3,0.04,-0.06,0.05,0.0,0.97,16,1.0,0.0,800,False,200,0,1,3.292181069958848,0.0,1.0,200,1144788,0,0.0,0.3034487779545379,135.62600271214805,0.0,0.0,0.0,0.0,0.0,2,0.0347040007122791,1.1962205972180775,0.8329633749373093,1.1805556274393185,0.05501080126365353,15,1.9773456381034347,0.0,1.0,0.32913590384806435,0.27776165206101144,0.051374251787052905,0.0,13,1.0,906,906,0,2455,3.06875,High_Coop,Survived,True,,Low,0.04778727565103281,0.020987387201701936,0.0,0.010847911490129387,0.030000000000000027,0.0
98,225,800,3.5555555555555554,0.007814913698851459,200,0.4696522231717809,0.44824203093409315,0.355435983001417,0.6,40,9.098924675421888,27.380977185900782,18.239950930661337,20,2.7,0.3,0.04,-0.06,0.05,0.08,0.97,16,1.0,0.0,800,False,200,0,4,3.5555555555555554,0.0,1.0,200,1073395,32,2.9811951797800436e-05,0.33318036434304565,821.3123404521193,0.0,0.0,0.0,0.0,0.0,2,0.5381955185645848,1.0558379315140094,0.8680402424406009,1.2392282823991403,0.009816303313592217,15,1.7192842611137664,0.0,1.0,0.32867332600408794,0.3376874026820033,-0.009014076677915372,0.0,13,1.0,1379,1379,0,2962,3.7025,High_Coop,Survived,True,,Low,0.05482470889321315,0.02778635981813852,0.07561402328854296,0.0016052430368845754,0.030000000000000027,0.02665442914744365
99,103,800,7.766990291262136,0.010256803772868561,200,0.6756150955182778,0.34831449130935166,0.15485783454128135,0.6,40,8.938394575331458,19.21609633923909,14.077245457285274,20,2.7,0.3,0.04,-0.06,0.05,0.04,0.97,16,1.0,0.0,498,False,200,0,2,4.834951456310679,0.10880088283561892,1.0,200,317644,0,0.0,0.3020829197553835,38.472004303946896,0.0,0.0,0.0,0.0,0.0,3,0.18462107698351007,1.2595826155888639,0.8062992336131823,1.2175631592327658,0.1104694279323398,15,1.9717011308862649,0.0,1.0,0.3217181992249722,0.2824476402857947,0.03927055893917747,0.0,13,1.0,251,251,0,883,1.7730923694779117,High_Coop,Survived,True,,Low,0.07103662453242787,0.07966449532325096,0.037158535018702886,0.02605343213036768,0.030000000000000027,0.01208331679021534
