run_id,shock_interval_years,homophily_bias,num_groups,out_group_trust_bias,out_group_penalty,intervention_interval,intervention_scale,event_bonus,base_trust_delta,group_trust_bias,resilience_threshold,resilience_noise,turnover_rate,social_diffusion,max_rounds,initial_population,max_population,final_cooperation_rate,final_constrained_rate,final_population,extinction_occurred,rounds_completed,total_defections,total_redemptions,avg_trust_level,cooperation_benefit_total,in_group_interaction_rate,out_group_interaction_rate,avg_in_group_trust,avg_out_group_trust,trust_asymmetry,total_mixing_events,shock_frequency,trust_sensitivity,intervention_intensity,resilience_variability,social_cohesion_factor,outcome_category,extinction_category,shock_severity,trust_development,group_complexity
0,2,0.5026888768446417,3,1.1996628269286944,1.3746635586622364,15,0.24537286831592048,2.2010232930507536,0.14201483025672365,1.8475089992058977,0.2320491074269435,0.007911948748366787,0.024612814464404227,0.01601928410174649,300,200,800,0.0,0.0,0,True,299,878192,120,0.5,0,0.668434318821132,0.331565681178868,0.5,0.5,0.0,19,0.5,0.26237367691999497,0.016358191221061365,0.03409601026307641,0.008009642050873246,,Extinct,Frequent,Fast,Complex
1,2,0.0,1,0.9524842090886065,1.467357537710032,0,0.09985097723259558,2.231472963272613,0.0726032394538439,1.748128734117739,0.14673284744302525,0.12187607718458807,0.021869975840285827,0.08422771624732728,300,200,800,0.0,1.0,2,False,300,1620829,284,0.10972944609776239,0,1.0,0.0,0.10972944609776239,0.10972944609776239,0.0,0,0.5,0.12691980907929523,0.09985097723259558,0.8305984604565873,0.009242260649898724,,Survived,Frequent,Moderate,Simple
2,10,0.0,1,0.8061051017842219,1.4273101418121534,0,0.09524573051339262,2.199671162439728,0.19048768852249076,1.9018153370550315,0.14097536793098947,0.0505897228250273,0.04427722399017853,0.08681611337444406,300,200,800,0.0,1.0,5,False,300,2343755,504,0.024696273905746267,0,1.0,0.0,0.024696273905746267,0.024696273905746267,0.0,0,0.1,0.3622724075522346,0.09524573051339262,0.3588550508326538,0.002144034515327592,,Survived,Rare,Fast,Simple
3,10,0.1244841029724511,3,0.804603294431987,1.2951264238360491,20,0.139080957615475,1.6609503051718468,0.13959779637481473,1.2113887967590178,0.2958496385422301,0.052780100142869844,0.04322972843564189,0.03082943394464284,300,200,800,0.0,0.0,0,True,299,821121,78,0.5,0,0.4149099825992281,0.5850900174007718,0.5,0.5,0.0,14,0.1,0.1691072065806972,0.0069540478807737505,0.17840177328908893,0.01541471697232142,,Extinct,Rare,Moderate,Complex
4,20,0.15376928873371531,3,0.9751362658506302,1.2439775045443764,10,0.10108781603749926,1.7359616123172867,0.15065494851201966,1.9767848765680252,0.16982521354538696,0.0749543762540036,0.021150987745792146,0.0856519072871531,300,200,800,0.0,0.0,0,True,300,744875,104,0.5,0,0.4339587317294962,0.5660412682705037,0.5,0.5,0.0,29,0.05,0.297812423798695,0.010108781603749926,0.44136188431155143,0.04282595364357655,,Extinct,Rare,Fast,Complex
5,5,0.42964155268030074,3,1.1095715446159584,1.27680806686924,10,0.19163509450733024,2.12132676987892,0.07892136376646222,1.698824275292917,0.3862438678383945,0.146398750949285,0.02788624612400038,0.011282049654294213,300,200,800,0.0,0.0,0,True,299,718848,65,0.5,0,0.6204203670646763,0.37957963293532365,0.5,0.5,0.0,29,0.2,0.13407352860568886,0.019163509450733023,0.37903190999148406,0.005641024827147107,,Extinct,Occasional,Moderate,Complex
6,5,0.023117729829144642,3,1.1016200990358926,1.1666988623950942,10,0.17407052404992168,1.5668690369714637,0.05865499939106385,1.4930368486997452,0.17994465551034555,0.07652455972901152,0.02082532399435738,0.03551293213193483,300,200,800,0.0,0.0,0,True,299,739468,98,0.5,0,0.3553572126351986,0.6446427873648014,0.5,0.5,0.0,29,0.2,0.08757407545131944,0.017407052404992168,0.42526719958410714,0.017756466065967414,,Extinct,Occasional,Slow,Complex
7,20,0.13145581101160211,3,1.1944605987368286,1.4070517431957466,25,0.17571216444575943,1.623176980313925,0.12325931503098125,1.7162291098813838,0.10986816832740919,0.0758557537770816,0.04088229959718141,0.09094434180884228,300,200,800,0.0,1.0,2,False,300,1228198,134,0.19049564597715835,0,0.42146756937370644,0.5785324306262936,0.18346369095893805,0.19752760099537864,-0.014063910036440586,12,0.05,0.21154122452021001,0.007028486577830378,0.6904252153456317,0.0173245011408429,,Survived,Rare,Fast,Complex
8,5,0.5537227988511416,3,1.0351614894816497,1.2968856786197709,10,0.12472799115631682,1.6997931939181272,0.08917322982801551,1.4211817774734001,0.22385251246963625,0.008659719761397554,0.026229348852913375,0.08068186704879833,300,200,800,0.0,0.0,0,True,299,879014,113,0.5,0,0.7013293077362132,0.29867069226378684,0.5,0.5,0.0,29,0.2,0.1267313692700231,0.012472799115631681,0.038684934405514765,0.040340933524399165,,Extinct,Occasional,Moderate,Complex
9,2,0.0,1,1.147962598942924,1.4596342346749014,0,0.09679918164197023,1.7236869481794714,0.051675441924064626,1.712766348650971,0.15391350227613185,0.12085848163994659,0.020574710243398363,0.07689222387535559,300,200,800,0.0,1.0,1,False,300,790867,135,0.21444969243155304,0,1.0,0.0,0.21444969243155304,0.21444969243155304,0.0,0,0.5,0.08850795797920548,0.09679918164197023,0.7852363818160528,0.016489513760448125,,Survived,Frequent,Slow,Simple
10,10,0.0,1,1.1208788550012723,1.314133184087683,0,0.18793443899517653,2.445709922911013,0.1394637347336657,1.3462557752628863,0.2788052784316298,0.04406458955981775,0.03809332020023734,0.02520111859010118,300,200,800,0.0,1.0,1,False,300,1653049,244,0.07192101880587086,0,1.0,0.0,0.07192101880587086,0.07192101880587086,0.0,0,0.1,0.18775385832492864,0.18793443899517653,0.15804790285067546,0.0018124901240476488,,Survived,Rare,Moderate,Simple
11,2,0.11280908846585228,3,0.8818721534204047,1.198132243039093,15,0.19197746554182465,1.673891693662472,0.10659532116521521,1.2054726690475857,0.2265936179254966,0.02999639328465794,0.02604481239993003,0.04383822067196111,300,200,800,0.0,0.0,0,True,299,783638,98,0.5,0,0.41007304951190104,0.589926950488099,0.5,0.5,0.0,19,0.5,0.12849774631301658,0.012798497702788311,0.13237969171100256,0.021919110335980554,,Extinct,Frequent,Moderate,Complex
12,10,0.4509329108233699,3,0.9812702191363865,1.2160933566622847,10,0.10996742703680283,1.7601722677156424,0.13564510814119246,1.7135042533013602,0.24370561390046758,0.007822562793035125,0.027816539735446844,0.06884039816500336,300,200,800,0.0,0.0,0,True,300,938479,132,0.5,0,0.6331493858218592,0.36685061417814085,0.5,0.5,0.0,29,0.1,0.23242846973945624,0.010996742703680283,0.032098410323161276,0.03442019908250168,,Extinct,Rare,Fast,Complex
13,10,0.7774315744803793,3,1.0809156814314178,1.4115027694034779,15,0.07754539384563232,2.377395679350278,0.05805674402110413,1.2687185393679892,0.28312917853007513,0.11162075064412286,0.024770354733441226,0.07789464379044958,300,200,800,0.0,0.0,0,True,299,804375,117,0.5,0,0.8512561943590347,0.14874380564096537,0.5,0.5,0.0,19,0.1,0.07365766747491648,0.005169692923042155,0.39423965846129155,0.03894732189522479,,Extinct,Rare,Slow,Complex
14,2,0.2189846725447457,2,0.833729422139835,1.2557115920212145,10,0.1820182503357684,1.649072713898693,0.05634693791721622,1.2758796416769322,0.3166056670858165,0.017780821536976237,0.02105012883163429,0.01391732037791833,300,200,800,0.0,0.0,0,True,299,695620,76,0.5,0,0.6073059949749248,0.39269400502507523,0.5,0.5,0.0,29,0.5,0.07189191095941018,0.01820182503357684,0.05616078101393149,0.006958660188959165,,Extinct,Frequent,Slow,Moderate
15,20,0.36091953808789284,3,1.0107941813467214,1.1180779189621843,15,0.1987363942892834,1.602370896760685,0.11892810721556854,1.4927796151057695,0.17803618358973816,0.07159106010800986,0.048816999828394186,0.07799802888322538,300,200,800,0.0,0.0,0,True,299,1248713,161,0.5,0,0.5800136729827764,0.41998632701722366,0.5,0.5,0.0,19,0.05,0.1775334541145141,0.013249092952618894,0.40211522548125606,0.03899901444161269,,Extinct,Rare,Moderate,Complex
16,10,0.6334751964264591,2,1.181650473131545,1.1970575549870222,25,0.12451293612164348,1.8928020703929591,0.11564564407273348,1.3368627540161768,0.13189977264065747,0.0440557998096118,0.022777382772169112,0.027643108194757394,300,200,800,0.0,0.0,0,True,299,1147439,195,0.5,0,0.8209965163785559,0.17900348362144416,0.5,0.5,0.0,11,0.1,0.15460235422504903,0.004980517444865739,0.3340096720987964,0.013821554097378697,,Extinct,Rare,Moderate,Moderate
17,20,0.0,1,1.030789580560685,1.3951230243549495,0,0.0677612993600177,2.491068029841995,0.12081764434130349,1.7375653864750036,0.13104297795348202,0.030826974549495127,0.04188165855453785,0.006303541962977422,300,200,800,0.0,1.0,6,False,300,2338130,475,0.05964202055703585,0,1.0,0.0,0.05964202055703585,0.05964202055703585,0.0,0,0.05,0.20992855688289652,0.0677612993600177,0.23524323875208458,0.0003759559793380375,,Survived,Rare,Fast,Simple
18,10,0.12737351223143242,3,1.197538849306733,1.4235378871447055,20,0.14760127890365,1.6519527070217452,0.07807952298735782,1.7320360134853678,0.24452743466445703,0.1268348256696202,0.02699461522664974,0.02701779688113916,300,200,800,0.0,0.0,0,True,299,807307,69,0.5,0,0.4210904688966846,0.5789095311033153,0.5,0.5,0.0,14,0.1,0.13523654572986238,0.007380063945182499,0.5186936420596904,0.01350889844056958,,Extinct,Rare,Moderate,Complex
19,5,0.0,1,1.1307313078485028,1.3381111117744895,0,0.28479630199775924,2.0947060128169936,0.10108694322322029,1.6757546143676594,0.3426975645611299,0.05983429945676788,0.03658372192221188,0.054092467830194293,300,200,800,0.0,0.0,0,True,299,924599,125,0.5,0,1.0,0.0,0.5,0.5,0.0,0,0.2,0.16939691155863298,0.28479630199775924,0.174597971051804,0.027046233915097147,,Extinct,Occasional,Moderate,Simple
20,2,0.7076398216067463,3,1.1922929138885379,1.2008024716937395,10,0.23832330546365676,1.898887531819189,0.17254459906619757,1.4561315210681578,0.24536466949995916,0.10423343596522021,0.026896414145285964,0.09840320748320891,300,200,800,0.0,1.0,1,False,300,1006389,145,0.1910639697034182,0,0.8062844463956241,0.19371555360437592,0.18974604197273104,0.19238189743410541,-0.0026358554613743757,29,0.5,0.2512476294903577,0.023832330546365677,0.4248102882034431,0.018801307453291005,,Survived,Frequent,Fast,Complex
21,5,0.6903497202280979,3,0.8457688832503157,1.2217229860512713,10,0.139801041858178,2.455605023713462,0.05355236021761389,1.329457402174245,0.12208802779693005,0.02888652353761693,0.04456954428873064,0.001103345027816527,300,200,800,0.0,1.0,5,False,300,2301137,314,0.3281072960394364,0,0.7948479870588306,0.20515201294116936,0.17262932790822014,0.4835852641706526,-0.31095593626243245,30,0.2,0.07119558169520834,0.013980104185817799,0.23660406396001504,0.0003620155536754374,,Survived,Occasional,Slow,Complex
22,2,0.7659758359414629,3,1.189699751922095,1.1451068619486584,15,0.07267136612784954,2.141231160324737,0.18253562950425606,1.6900127888027523,0.29984553643078793,0.13996416922055915,0.03727543111642409,0.09358345505535089,300,200,800,0.0,0.0,0,True,299,1015825,125,0.5,0,0.8467269041447347,0.15327309585526527,0.5,0.5,0.0,19,0.5,0.30848754827435376,0.004844757741856636,0.4667875696487698,0.04679172752767544,,Extinct,Frequent,Fast,Complex
23,2,0.5790212140390723,3,0.822161112186137,1.2602720182023637,20,0.13477075098144697,2.098845786224391,0.16366202695064871,1.9794224600298327,0.13831145667509148,0.046567686954218056,0.04143323305863567,0.049739611648988935,300,200,800,0.0,1.0,1,False,300,1539103,216,0.12708455504143207,0,0.7201344051962425,0.27986559480375756,0.10482889480879105,0.1493402152740731,-0.04451132046528204,15,0.5,0.3239562920001219,0.0067385375490723485,0.33668712681994645,0.00632113641434539,,Survived,Frequent,Fast,Complex
24,5,0.0,1,0.8075701775345949,1.4637148113417693,0,0.15319399503679199,1.7833889688035878,0.05707153790564885,1.828322866261754,0.25579076127442096,0.018986366205046117,0.029835041530537773,0.04806807398612972,300,200,800,0.0,0.0,0,True,299,1412085,220,0.5,0,1.0,0.0,0.5,0.5,0.0,0,0.2,0.10434519776562226,0.15319399503679199,0.07422616090765258,0.02403403699306486,,Extinct,Occasional,Moderate,Simple
25,5,0.2496095067515925,2,1.1237229674060165,1.1435639007489544,20,0.27194888684703594,2.192156799190589,0.16102607550094417,1.4378067785185367,0.20676953775266418,0.13142634672332365,0.04905980950474503,0.050200287408556345,300,200,800,0.0,0.0,0,True,300,1121542,110,0.5,0,0.6256076902703789,0.3743923097296212,0.5,0.5,0.0,14,0.2,0.2315243828734952,0.013597444342351796,0.6356175486571656,0.025100143704278172,,Extinct,Occasional,Fast,Moderate
26,2,0.034451666795514944,2,1.158784562992139,1.4467278133655153,20,0.11780121111074861,1.9841975415196194,0.06760155337051232,1.7263747623038217,0.16736198406568314,0.017369186953021674,0.04371243678886641,0.09726108445799465,300,200,800,0.0,1.0,1,False,300,1066970,126,0.2321158331542018,0,0.5245137443714037,0.4754862556285962,0.23175336449135,0.23247830181705365,-0.0007249373257036396,14,0.5,0.11670561563138733,0.00589006055553743,0.10378215250008589,0.022575837652448617,,Survived,Frequent,Moderate,Moderate
27,5,0.0,1,1.0650977942969928,1.2965409840504207,0,0.1506909024052704,2.4086568589098505,0.1831291268683365,1.7785219436092632,0.12495937607943139,0.058280770162333934,0.029529640260115834,0.02957288034959085,300,200,800,0.0,1.0,9,False,300,2328420,507,0.026022439471804226,0,1.0,0.0,0.026022439471804226,0.026022439471804226,0.0,0,0.2,0.3256991706493412,0.1506909024052704,0.46639773653549066,0.0007695584889041364,,Survived,Occasional,Fast,Simple
28,10,0.28568129774066925,3,0.9824849015979424,1.2714652191148643,15,0.1967080174151858,2.2139351140461265,0.144113247971576,1.9395192248177064,0.35030553838050305,0.02296388691094999,0.027474130072073666,0.04463791778308247,300,200,800,0.0,0.0,0,True,299,624590,70,0.5,0,0.524258490991027,0.47574150900897305,0.5,0.5,0.0,19,0.1,0.27951041499179297,0.013113867827679053,0.06555387909969763,0.022318958891541237,,Extinct,Rare,Fast,Complex
29,20,0.0,1,0.9970791239021574,1.2722359758054131,0,0.2570939919347843,1.7158852043027357,0.10018066358553471,1.6748977069943933,0.2917616074429592,0.0797010380808168,0.04574030379127621,0.0890220635250787,300,200,800,0.0,1.0,1,False,300,1552686,207,0.0877057978911813,0,1.0,0.0,0.0877057978911813,0.0877057978911813,0.0,0,0.05,0.1677923637245888,0.2570939919347843,0.2731717815079516,0.007807751111386455,,Survived,Rare,Moderate,Simple
30,20,0.3862951145502188,3,1.1798931328381799,1.1612769594959502,20,0.07065899648326902,2.3807522800507757,0.07817656007242421,1.6086320942670114,0.31421180676928795,0.039944430614073774,0.03625518365063622,0.08665940679784516,300,200,800,0.0,0.0,0,True,299,792576,103,0.5,0,0.5907201187824795,0.4092798812175204,0.5,0.5,0.0,14,0.05,0.1257573235518946,0.003532949824163451,0.12712581053137584,0.04332970339892258,,Extinct,Rare,Moderate,Complex
31,2,0.0,1,1.084801223281257,1.353383871961768,0,0.27301659943751505,1.6934712599690789,0.1272186077065232,1.3812284651022364,0.20913288757089182,0.08303937669212522,0.03867251531363879,0.020785207197417846,300,200,800,0.0,1.0,2,False,300,2340355,389,0.08324084077182818,0,1.0,0.0,0.08324084077182818,0.08324084077182818,0.0,0,0.5,0.1757179622549246,0.27301659943751505,0.3970651276164135,0.001730178122729716,,Survived,Frequent,Moderate,Simple
32,2,0.6498819791933546,2,1.1702994567955123,1.3673528146901734,20,0.06647883523106622,2.0892385433517187,0.1393465148844329,1.9323685377491395,0.2578092338995669,0.021541830375057913,0.03855371355430338,0.07728807292244949,300,200,800,0.0,1.0,1,False,300,1194128,144,0.07691096347967877,0,0.8254816568244615,0.17451834317553855,0.07433467823631666,0.07948724872304089,-0.005152570486724226,14,0.5,0.2692688212076703,0.0033239417615533113,0.08355724909158928,0.005944300153953262,,Survived,Frequent,Fast,Moderate
33,20,0.0,1,1.1826295027967637,1.3369713299421786,0,0.07105525705196748,1.9262335633807646,0.08315561104892749,1.2930772715721992,0.2881916660978351,0.03156029443699177,0.03169957137921417,0.043702836346351505,300,200,800,0.0,0.0,0,True,300,1162224,163,0.5,0,1.0,0.0,0.5,0.5,0.0,0,0.05,0.10752663065106619,0.07105525705196748,0.10951147499968894,0.021851418173175752,,Extinct,Rare,Moderate,Simple
34,10,0.0,1,1.1816985705813523,1.4948318939551575,0,0.25285460530032305,2.2358478198450698,0.19959970620462975,1.3941055842990453,0.11416913778657116,0.09234758821358162,0.04965729815058039,0.08545099302387386,300,200,800,0.0,1.0,3,False,300,2332636,501,0.03275666303146585,0,1.0,0.0,0.03275666303146585,0.03275666303146585,0.0,0,0.1,0.27826306504432313,0.25285460530032305,0.808866476562318,0.002799089384187175,,Survived,Rare,Fast,Simple
35,20,0.0,1,0.9328528855604896,1.3436022388121902,0,0.10461235417493485,1.568635333636939,0.11594760558407115,1.3207891397644396,0.19095078811947486,0.05967164967476341,0.04794856752430024,0.030090171531585466,300,200,800,0.0,1.0,3,False,300,2329011,494,0.0888544164241592,0,1.0,0.0,0.0888544164241592,0.0888544164241592,0.0,0,0.05,0.15314233823713186,0.10461235417493485,0.3124975301878713,0.002673644631541875,,Survived,Rare,Moderate,Simple
36,10,0.42016633536350967,2,0.9291641059014628,1.1172945667656191,10,0.07230968754336732,1.563646740808218,0.10187356522535282,1.2287790753583183,0.3337529537239574,0.07148163783167444,0.04359376605525728,0.002885505892248697,300,200,800,0.0,0.0,0,True,300,881730,106,0.5,0,0.7099796684073284,0.2900203315926716,0.5,0.5,0.0,29,0.1,0.12518010528106438,0.007230968754336732,0.21417529653024717,0.0014427529461243484,,Extinct,Rare,Moderate,Moderate
37,5,0.0,1,0.8692139889044563,1.1091389215576697,0,0.20424051990466152,2.205724629228193,0.19434207285090155,1.3090861402183358,0.3027226516222381,0.14554725797431242,0.02123155951957552,0.07876526973710941,300,200,800,0.0,0.0,0,True,297,851560,116,0.5,0,1.0,0.0,0.5,0.5,0.0,0,0.2,0.2544105140304173,0.20424051990466152,0.48079407733233687,0.03938263486855471,,Extinct,Occasional,Fast,Simple
38,5,0.007752757843223002,3,1.17995950235967,1.2849441670100692,20,0.2318133720925944,1.5273906153916035,0.1571569912681947,1.6795787160388778,0.16640783656429903,0.031084942409240462,0.031049433374473464,0.04448576730950413,300,200,800,0.0,0.0,0,True,298,884663,114,0.5,0,0.33797733570640054,0.6620226642935995,0.5,0.5,0.0,14,0.2,0.2639575376107676,0.01159066860462972,0.18679975084724704,0.022242883654752067,,Extinct,Occasional,Fast,Complex
39,5,0.0,1,0.802903485817607,1.3646366696083048,0,0.22385301996236656,1.7194902249682928,0.17859381758167542,1.905705102994784,0.14330986134701473,0.07137205911954589,0.020893903649045555,0.06298834553715658,300,200,800,0.0,1.0,1,False,300,991880,171,0.03586892259980767,0,1.0,0.0,0.03586892259980767,0.03586892259980767,0.0,0,0.2,0.3403471495287184,0.22385301996236656,0.4980261542973897,0.0022593240907622107,,Survived,Occasional,Fast,Simple
40,5,0.0,1,1.1367628884958254,1.4836098722109812,0,0.13341172221572434,1.6159541497597347,0.07820578254303104,1.4644810948092324,0.22328052595452208,0.05499212670677928,0.030858424780174726,0.06412725478987763,300,200,800,0.0,1.0,5,False,300,1948420,313,0.12018436001735544,0,1.0,0.0,0.12018436001735544,0.12018436001735544,0.0,0,0.2,0.11453089003903084,0.13341172221572434,0.24629163905669102,0.007707093076591334,,Survived,Occasional,Moderate,Simple
41,5,0.3588960249196051,2,0.9576329850623254,1.4195997864748053,10,0.06653367360139338,2.205118192814539,0.1846637224325014,1.2908089282164819,0.2994846623079821,0.12576145923987983,0.04290785940947549,0.03074059324929064,300,200,800,0.0,0.0,0,True,299,936082,94,0.5,0,0.6818013838612007,0.31819861613879935,0.5,0.5,0.0,29,0.2,0.23836558163356303,0.006653367360139338,0.41992621014611453,0.01537029662464532,,Extinct,Occasional,Fast,Moderate
42,10,0.08806799175544677,2,1.0584324822326374,1.2352356863081688,20,0.2152731707938127,2.1602480571238964,0.1313355811652801,1.621157569874268,0.37915640859240407,0.037960494336425905,0.021443562314514678,0.08310745610244218,300,200,800,0.0,0.0,0,True,298,585397,69,0.5,0,0.5421346830160567,0.4578653169839432,0.5,0.5,0.0,14,0.1,0.21291567159993016,0.010763658539690635,0.1001182980853522,0.04155372805122109,,Extinct,Rare,Fast,Moderate
43,20,0.0,1,0.8873387674597368,1.2970801097524476,0,0.2786209133852405,2.0715335882649883,0.1130324484700835,1.5818694360081214,0.12716495029163183,0.036828993842005886,0.03903145437894552,0.06947673202037817,300,200,800,0.0,1.0,6,False,300,2342324,432,0.06365940037789528,0,1.0,0.0,0.06365940037789528,0.06365940037789528,0.0,0,0.05,0.17880257551198803,0.2786209133852405,0.289615918203441,0.004422847100632991,,Survived,Rare,Moderate,Simple
44,5,0.283101481615152,3,0.8967950302272335,1.3037213966665275,10,0.159314323459187,1.5430086897265596,0.06680454963329854,1.8892249203070892,0.1654415932501823,0.08130403927454959,0.047272765401461976,0.05666245561500394,300,200,800,0.0,0.0,0,True,300,1294159,155,0.5,0,0.5262964616758538,0.4737035383241462,0.5,0.5,0.0,29,0.2,0.12620881995711944,0.0159314323459187,0.49143651047654546,0.02833122780750197,,Extinct,Occasional,Moderate,Complex
45,10,0.032240212621464884,3,1.173778678996269,1.442937335540186,20,0.21446040308009218,2.386701226845882,0.08435865783052403,1.6822556310959693,0.24302209856876508,0.09993197409875909,0.049981136458922104,0.023919781179828948,300,200,800,0.0,0.0,0,True,299,863813,84,0.5,0,0.3530817643466022,0.6469182356533978,0.5,0.5,0.0,14,0.1,0.14191282716709713,0.01072302015400461,0.411205296503036,0.011959890589914474,,Extinct,Rare,Moderate,Complex
46,2,0.0,1,0.8640066102158214,1.153642760209746,0,0.12217580028427748,2.351280979890136,0.16908492849558182,1.2996226664549002,0.11924357176251538,0.11543018204617182,0.024547601892965083,0.06614532165968787,300,200,800,0.0,1.0,3,False,300,1729692,295,0.05428845062939969,0,1.0,0.0,0.05428845062939969,0.05428845062939969,0.0,0,0.5,0.2197466056287642,0.12217580028427748,0.9680201652803703,0.0035909270292877266,,Survived,Frequent,Fast,Simple
47,2,0.30684448622529525,3,1.0130441661391727,1.1337268527533493,20,0.2900794948002184,1.6311896262717154,0.1186808635001853,1.9416342276592091,0.3482074015604413,0.1106671504591649,0.036663060069909686,0.0797066469535142,300,200,800,0.0,0.0,0,True,299,706583,87,0.5,0,0.5380516191757437,0.46194838082425627,0.5,0.5,0.0,14,0.5,0.2304348267401103,0.01450397474001092,0.31781963842016575,0.0398533234767571,,Extinct,Frequent,Fast,Complex
48,5,0.0,1,0.8812954293419779,1.489880332130503,0,0.14047029619398266,2.463786698540953,0.15808084649781262,1.5131512829117604,0.13056268816358388,0.13807919229526947,0.024207796050429584,0.08722332751931522,300,200,800,0.0,1.0,4,False,300,1555569,276,0.05221377245766134,0,1.0,0.0,0.05221377245766134,0.05221377245766134,0.0,0,0.2,0.23920023568194224,0.14047029619398266,1.0575700779250812,0.004554258976093595,,Survived,Occasional,Fast,Simple
49,20,0.13802146268510082,3,1.0862803115537807,1.4968201016864326,10,0.07515119103050981,1.9259409125632625,0.07874294959054005,1.7832319450642977,0.27154178182159616,0.059436520408420825,0.02635630654065295,0.04952150051350271,300,200,800,0.0,0.0,0,True,298,755711,73,0.5,0,0.4238566688925782,0.5761433311074218,0.5,0.5,0.0,29,0.05,0.1404169431584387,0.007515119103050981,0.2188853590401451,0.024760750256751354,,Extinct,Rare,Moderate,Complex
50,5,0.45116135807605673,2,0.9967724500391577,1.2694294995048616,25,0.21139258349127127,2.0751281733050746,0.13451332386654946,1.388140275903676,0.13060028188341577,0.05227345474800527,0.027761452456922308,0.05608008259703421,300,200,800,0.0,0.0,0,True,300,1167167,170,0.5,0,0.7253988971104703,0.2746011028895297,0.5,0.5,0.0,11,0.2,0.1867233625048325,0.008455703339650851,0.4002552980296683,0.028040041298517105,,Extinct,Occasional,Moderate,Moderate
51,10,0.0,1,1.1827785957831802,1.259137452420949,0,0.11777452019628297,1.755320025729986,0.07400877684354902,1.3543614916373832,0.18809354082091279,0.030402757145208424,0.0472577983159066,0.08338124186478624,300,200,800,0.0,1.0,2,False,300,2326170,491,0.1560868949846543,0,1.0,0.0,0.1560868949846543,0.1560868949846543,0.0,0,0.1,0.10023463740008727,0.11777452019628297,0.16163636992806377,0.01301471914263895,,Survived,Rare,Moderate,Simple
52,5,0.5930056097765195,2,0.9619058964697207,1.3353356495046262,10,0.234586429544743,2.291285937888585,0.06300087908409119,1.8496431612724211,0.34494909642683225,0.04530440888014106,0.0271479790593825,0.08489480975705295,300,200,800,0.0,0.0,0,True,299,741120,102,0.5,0,0.797606591154232,0.20239340884576795,0.5,0.5,0.0,29,0.2,0.11652914515203998,0.0234586429544743,0.13133650544218967,0.042447404878526475,,Extinct,Occasional,Moderate,Moderate
53,10,0.4057957239456255,2,1.0000945159345425,1.1412136888186528,20,0.2813457008323906,2.379623969401107,0.1473133143173056,1.2828707251794422,0.22072772960662812,0.014919332754093094,0.028369987733636533,0.037320742379503606,300,200,800,0.0,0.0,0,True,300,1022857,153,0.5,0,0.7025649204771565,0.2974350795228435,0.5,0.5,0.0,15,0.1,0.18898393836682895,0.01406728504161953,0.06759156532204501,0.018660371189751803,,Extinct,Rare,Moderate,Moderate
54,2,0.04865086931042937,3,0.8495916569255397,1.478910731031353,15,0.1970550059674625,1.7754817266561471,0.1695077607315288,1.9962479281391856,0.1141378017735148,0.01535108202892202,0.025734637602945587,0.09750246424870207,300,200,800,0.0,0.0,0,True,299,772957,112,0.5,0,0.3641981912081425,0.6358018087918574,0.5,0.5,0.0,19,0.5,0.33837951616382717,0.013137000397830834,0.13449603716202088,0.048751232124351035,,Extinct,Frequent,Fast,Complex
55,5,0.0,1,1.0313163297980024,1.386865843589072,0,0.10407565652050789,2.46570196896691,0.0652176542217598,1.6787982172861329,0.3087264824480823,0.014069222756680077,0.021419930948804067,0.012739652625353494,300,200,800,0.0,0.0,0,True,299,898744,131,0.5,0,1.0,0.0,0.5,0.5,0.0,0,0.2,0.1094872816430738,0.10407565652050789,0.045571804028979146,0.006369826312676747,,Extinct,Occasional,Moderate,Simple
56,2,0.13952480849910628,2,0.8063534492072316,1.4775240989369003,25,0.24488289544297825,1.7055325494102076,0.15816092875047477,1.2048366006436781,0.32295153991613834,0.08952210520093933,0.034040956696627225,0.014619715688252266,300,200,800,0.0,0.0,0,True,299,757893,77,0.5,0,0.5748533416517606,0.4251466583482394,0.5,0.5,0.0,11,0.5,0.190558075750369,0.009795315817719131,0.27719980906171177,0.007309857844126133,,Extinct,Frequent,Moderate,Moderate
57,5,0.6983672477757504,3,1.029976772962931,1.3497134548334286,25,0.20423246321931005,1.546969138977274,0.1470140757346331,1.2618974832863268,0.34401779151082246,0.11040506169719731,0.04676718558541497,0.008153700848307655,300,200,800,0.0,0.0,0,True,299,942392,94,0.5,0,0.800141593444795,0.19985840655520504,0.5,0.5,0.0,11,0.2,0.18551669217719896,0.008169298528772401,0.32092834853782287,0.004076850424153827,,Extinct,Occasional,Moderate,Complex
58,2,0.770753475480808,3,1.1381309702975997,1.4281861436821859,10,0.06630630302889577,1.674210351999128,0.1308207624857396,1.80937193997446,0.12167815678623986,0.14562594312219662,0.040238428332956086,0.019755943840839476,300,200,800,0.0,0.0,0,True,299,1048625,153,0.5,0,0.8488777657245195,0.15112223427548055,0.5,0.5,0.0,29,0.5,0.23670341680776072,0.006630630302889577,1.1968125337239242,0.009877971920419738,,Extinct,Frequent,Fast,Complex
59,10,0.5829255990702692,2,1.0033021557661905,1.2420296973722587,10,0.1296233086893097,1.5786541210848384,0.05505885012683095,1.7635585266791696,0.3148115775866699,0.11132965551564343,0.048964405927628366,0.015710238015613488,300,200,800,0.0,0.0,0,True,300,1000836,133,0.5,0,0.7922819019235979,0.20771809807640207,0.5,0.5,0.0,29,0.1,0.0970995046103232,0.012962330868930972,0.353639012799628,0.007855119007806744,,Extinct,Rare,Slow,Moderate
60,20,0.2813166069866898,3,0.9452854279476615,1.2478243743360244,20,0.20080830099227182,2.020628455944263,0.13543826356758074,1.386813206885792,0.20858741037985642,0.14045797405180088,0.049205877174535395,0.054653893143368465,300,200,800,0.0,0.0,0,True,300,1051706,120,0.5,0,0.5273470819038232,0.4726529180961768,0.5,0.5,0.0,14,0.05,0.18782757263319977,0.010040415049613591,0.6733770451247,0.027326946571684232,,Extinct,Rare,Moderate,Complex
61,20,0.0,1,1.1336056748097896,1.4694995253383296,0,0.13636920135764075,2.3411951188725597,0.15112836158310283,1.8312650770887888,0.17434717409722017,0.0065802986321128795,0.0434658416600595,0.0890631784332086,300,200,800,0.0,1.0,3,False,300,1860726,277,0.031734729126487594,0,1.0,0.0,0.031734729126487594,0.031734729126487594,0.0,0,0.05,0.2767560907247832,0.13636920135764075,0.03774250237313022,0.002826395842721907,,Survived,Rare,Fast,Simple
62,2,0.2940406686660869,2,0.8960235748165849,1.4095089846318007,20,0.11634060988304844,2.109674646551447,0.17774088131492594,1.6674678663962652,0.12614884299678072,0.001702296385190266,0.0333116304236457,0.01595208932600023,300,200,800,0.0,0.0,0,True,299,1207087,166,0.5,0,0.6464903926950871,0.3535096073049129,0.5,0.5,0.0,14,0.5,0.29637720813759133,0.005817030494152422,0.013494347984100877,0.007976044663000115,,Extinct,Frequent,Fast,Moderate
63,10,0.2275827917552487,3,0.9427970876358089,1.377790530720705,25,0.18032213499513022,1.6232093370284308,0.14359024846009816,1.8603286726463624,0.1975723594432086,0.04302303628868753,0.04631344503953011,0.06425762008836405,300,200,800,0.0,0.0,0,True,299,1137882,129,0.5,0,0.4852397845224018,0.5147602154775982,0.5,0.5,0.0,11,0.1,0.2671250563227358,0.0072128853998052085,0.21775837677868262,0.03212881004418203,,Extinct,Rare,Fast,Complex
64,10,0.3312557791828916,2,1.0611968181219902,1.436575853805901,20,0.21970253173662652,2.2243014082209043,0.06930607341403865,1.4108240438602748,0.3798454359185127,0.12871367720524965,0.03373107763659615,0.04201638750949312,300,200,800,0.0,0.0,0,True,297,700058,93,0.5,0,0.6709019082118715,0.3290980917881286,0.5,0.5,0.0,14,0.1,0.09777867475807109,0.010985126586831326,0.33885803285750754,0.02100819375474656,,Extinct,Rare,Slow,Moderate
65,2,0.0,1,0.857918406823422,1.3872353689658798,0,0.20637104854677646,1.558375769214443,0.12755700306358467,1.8507840235896973,0.147254591947249,0.061662612793725494,0.030443849931122237,0.00817078251884208,300,200,800,0.0,1.0,2,False,300,2037072,355,0.047307096695555016,0,1.0,0.0,0.047307096695555016,0.047307096695555016,0.0,0,0.5,0.23608046336706456,0.20637104854677646,0.4187483186657764,0.00038653599869721284,,Survived,Frequent,Fast,Simple
66,10,0.2549412775615285,3,0.8578015190778945,1.2758357286596964,25,0.1454130211170463,2.109168450882345,0.12372204165234013,1.2529833789993245,0.21309568157148007,0.04199196182589333,0.02371013490947794,0.004484059321420608,300,200,800,0.0,0.0,0,True,299,776057,102,0.5,0,0.5018499482168501,0.49815005178314986,0.5,0.5,0.0,11,0.1,0.15502166180624433,0.005816520844681852,0.19705684092808654,0.002242029660710304,,Extinct,Rare,Moderate,Complex
67,20,0.15663363728402607,3,1.023064050929099,1.452243802588448,15,0.08586914734492539,1.961913273863421,0.0666181280158002,1.4390951971291843,0.1935771787323604,0.0048025837291870545,0.03889308479860574,0.04700855699125561,300,200,800,0.0,0.0,0,True,300,979351,95,0.5,0,0.43710159083856065,0.5628984091614393,0.5,0.5,0.0,19,0.05,0.09586982806927521,0.005724609822995026,0.02480965866243511,0.023504278495627806,,Extinct,Rare,Slow,Complex
68,20,0.0,1,0.9375384953704173,1.3335517695263863,0,0.17773580659937316,1.5978610221576215,0.19151762509680925,1.279384511540348,0.1716464779344672,0.12933292269008886,0.049314807701385036,0.06691497553832917,300,200,800,0.0,1.0,4,False,300,2356342,440,0.03543199765096624,0,1.0,0.0,0.03543199765096624,0.03543199765096624,0.0,0,0.05,0.24502468323584878,0.17773580659937316,0.7534842791208731,0.0023709312560885425,,Survived,Rare,Fast,Simple
69,20,0.0,1,1.193597342422744,1.4190129340369664,0,0.22728279313023636,1.538590070623111,0.183831636237546,1.4217009063878245,0.308114456666282,0.025015618291474927,0.024675006381799154,0.024503007109258845,300,200,800,0.0,0.0,0,True,299,843443,101,0.5,0,1.0,0.0,0.5,0.5,0.0,0,0.05,0.261353603861676,0.22728279313023636,0.08118936891873685,0.012251503554629423,,Extinct,Rare,Fast,Simple
70,2,0.0,1,0.9050604693205112,1.404406102582377,0,0.1968400565968379,1.9227751282303915,0.153120644337424,1.2304422506293156,0.31170064857496127,0.1378387939983793,0.02216200255111389,0.09095665837294081,300,200,800,0.0,0.0,0,True,299,784340,106,0.5,0,1.0,0.0,0.5,0.5,0.0,0,0.5,0.18840611023635095,0.1968400565968379,0.4422152941565994,0.045478329186470406,,Extinct,Frequent,Moderate,Simple
71,2,0.0,1,0.9351075829751867,1.2360732628370963,0,0.07771106758068756,2.3537453078310735,0.1816503611014043,1.464166209095253,0.28600521945784424,0.08016769096961959,0.04851615180315307,0.04840446720639733,300,200,800,0.0,0.0,0,True,300,1487500,204,0.5,0,1.0,0.0,0.5,0.5,0.0,0,0.5,0.26596632059462694,0.07771106758068756,0.2803014963208946,0.024202233603198665,,Extinct,Frequent,Fast,Simple
72,2,0.006276361520887353,2,1.047809844114884,1.234436215465493,10,0.23310745839840818,1.8672101458930919,0.09773589985739883,1.9949167751798342,0.34016933271047767,0.0014583505511917671,0.04311799478815106,0.006288588179672839,300,200,800,0.0,0.0,0,True,298,701428,88,0.5,0,0.5035297735222143,0.4964702264777857,0.5,0.5,0.0,29,0.5,0.1949749861628213,0.02331074583984082,0.004287131175440166,0.0031442940898364193,,Extinct,Frequent,Moderate,Moderate
73,5,0.7274403111610025,3,1.0045732071102673,1.1860545064254826,25,0.14895813695224858,2.3130912312939276,0.10679530299630131,1.6848579482010637,0.24179559953429614,0.025562293879532853,0.030608154298654145,0.0531416009602465,300,200,800,0.0,0.0,0,True,299,1144702,161,0.5,0,0.8184068041310547,0.18159319586894526,0.5,0.5,0.0,11,0.2,0.17993491508385914,0.005958325478089943,0.1057186066610245,0.02657080048012325,,Extinct,Occasional,Moderate,Complex
74,2,0.23554612205438882,3,0.9662555973653245,1.3302845121235911,20,0.2568635132437152,2.4964493800522196,0.15536570491808088,1.7595753599619424,0.15924576045014616,0.01385338698458547,0.031832856101121104,0.061480458593124836,300,200,800,0.0,0.0,0,True,299,772433,105,0.5,0,0.489028395272102,0.510971604727898,0.5,0.5,0.0,14,0.5,0.27337766615697306,0.01284317566218576,0.08699375697931025,0.030740229296562418,,Extinct,Frequent,Fast,Complex
75,2,0.7712245820819628,2,0.81783256124528,1.331395139104577,15,0.2932937519642525,2.3304662009552386,0.14327811526157902,1.822698469618226,0.33339460574020297,0.13315899535982773,0.029799671573049503,0.011550023449896163,300,200,800,0.0,0.0,0,True,300,864412,110,0.5,0,0.8861252335436042,0.11387476645639578,0.5,0.5,0.0,19,0.5,0.2611528014170639,0.019552916797616834,0.3994035688255604,0.005775011724948082,,Extinct,Frequent,Fast,Moderate
76,2,0.0,1,0.9768819504161871,1.4278690387469959,0,0.2848213997407897,1.685813843739158,0.10546007256997539,1.9161700740787375,0.1553423080331725,0.13980491951850374,0.04558331731697925,0.01781637113107202,300,200,800,0.0,1.0,6,False,300,2352073,395,0.05495040902570719,0,1.0,0.0,0.05495040902570719,0.05495040902570719,0.0,0,0.5,0.20207943506875878,0.2848213997407897,0.8999796725606083,0.0009790168810062088,,Survived,Frequent,Fast,Simple
77,10,0.6682236316192979,2,0.994781842344214,1.1506228474165983,20,0.05813506894142419,1.8055695290533924,0.12121620729891956,1.7873345342247835,0.3918073987390478,0.04037664022436131,0.03799828639449115,0.029062146009818192,300,200,800,0.0,0.0,0,True,299,770311,98,0.5,0,0.8347157525864514,0.1652842474135486,0.5,0.5,0.0,14,0.1,0.2166539134131092,0.0029067534470712092,0.10305226586916248,0.014531073004909096,,Extinct,Rare,Fast,Moderate
78,20,0.23685316873854748,2,1.0545783543097853,1.4173907742408367,10,0.16776530556767588,1.5013189534032931,0.18103650879822808,1.8462470418574826,0.11948990802864604,0.010061221794570457,0.030928725773150284,0.08915859290602508,300,200,800,0.0,0.0,0,True,300,1148849,158,0.5,0,0.6185878756651672,0.3814121243348329,0.5,0.5,0.0,29,0.05,0.3342381188369347,0.016776530556767588,0.08420143559034642,0.04457929645301254,,Extinct,Rare,Fast,Moderate
79,5,0.472404210971562,2,0.8942795601312145,1.2984832987789603,25,0.07236225022872232,1.9402042048905639,0.13425745590473426,1.892640141635326,0.3282716851529538,0.012991431721132951,0.021286583125101354,0.01791459358123453,300,200,800,0.0,0.0,0,True,299,706109,99,0.5,0,0.7389609766288912,0.2610390233711088,0.5,0.5,0.0,11,0.2,0.2541010503591348,0.002894490009148893,0.03957524303407334,0.008957296790617264,,Extinct,Occasional,Fast,Moderate
80,2,0.0,1,1.0277832859910951,1.411845914913178,0,0.1756832773789136,2.344039563977162,0.17046953828475908,1.5738967427352897,0.12997498604964194,0.03732169355982753,0.03515874714423569,0.056681513578540045,300,200,800,0.0,1.0,4,False,300,2339459,495,0.0406489119781991,0,1.0,0.0,0.0406489119781991,0.0406489119781991,0.0,0,0.5,0.26830145104197106,0.1756832773789136,0.2871452015049502,0.0023040418562451713,,Survived,Frequent,Fast,Simple
81,2,0.0,1,0.804325387340469,1.30219045855094,0,0.09602568962744452,2.332875878634526,0.10595631274979221,1.2469538774140136,0.16471320769712794,0.041720621633759954,0.04747315943442622,0.08784493023077927,300,200,800,0.0,1.0,5,False,300,2351863,319,0.10042578818552274,0,1.0,0.0,0.10042578818552274,0.10042578818552274,0.0,0,0.5,0.13212263501984528,0.09602568962744452,0.2532925089436372,0.008821896356528263,,Survived,Frequent,Moderate,Simple
82,5,0.0,1,1.0515319850648586,1.2775170741655584,0,0.198498540985518,1.888502677843947,0.13686866700597095,1.4968381024961848,0.1184939516157752,0.09353230891046754,0.04415060753185372,0.024156573099599777,300,200,800,0.0,1.0,5,False,300,2340088,498,0.06207739119436054,0,1.0,0.0,0.06207739119436054,0.06207739119436054,0.0,0,0.2,0.20487023581239971,0.198498540985518,0.7893424738990266,0.001499577038219022,,Survived,Occasional,Fast,Simple
83,10,0.6034810289186349,2,1.1104481500306922,1.1673451568870963,15,0.06743987813743328,1.9458030148878402,0.14718458816488927,1.9083523278300567,0.3697533744834689,0.08415905304801978,0.026898413416315676,0.09517736633251174,300,200,800,0.0,0.0,0,True,299,768544,88,0.5,0,0.801430834562673,0.19856916543732703,0.5,0.5,0.0,19,0.1,0.28088005144517464,0.0044959918758288855,0.22760861389185888,0.04758868316625587,,Extinct,Rare,Fast,Moderate
84,10,0.3605073679467659,2,1.0251432679734702,1.1633459315643941,25,0.24735700936376193,2.1353387791896203,0.06974487119310513,1.2741334696169575,0.1977299314551635,0.062347403348218415,0.03184530597170729,0.08202901601268843,300,200,800,0.0,0.0,0,True,299,953245,118,0.5,0,0.6793437468356016,0.3206562531643984,0.5,0.5,0.0,11,0.1,0.08886427472125882,0.009894280374550478,0.3153159609644435,0.041014508006344215,,Extinct,Rare,Slow,Moderate
85,10,0.7449560477915745,3,0.8875362842013571,1.4812108716726287,20,0.2893783027755799,2.179500636210856,0.15174524739949918,1.5004808481437129,0.23390298740762863,0.07395408492932118,0.020780173886559856,0.011492435400342184,300,200,800,0.0,0.0,0,True,299,888197,132,0.5,0,0.8300922630638858,0.16990773693611422,0.5,0.5,0.0,14,0.1,0.22769083751977806,0.014468915138778996,0.3161741786582637,0.005746217700171092,,Extinct,Rare,Fast,Complex
86,20,0.3615427331852815,2,0.8253974818291154,1.2196458233249732,10,0.1515657074234964,2.3320689154494922,0.10574273801846845,1.27419441532157,0.1356637716463379,0.06669442920097889,0.030628685087741934,0.03413004581897882,300,200,800,0.0,1.0,2,False,300,1182809,187,0.4953675659656388,0,0.681015760526068,0.31898423947393195,0.4633875631634737,0.5273475687678039,-0.06396000560433018,30,0.05,0.13473680624394438,0.01515657074234964,0.4916156199375372,0.016906917723643264,,Survived,Rare,Moderate,Moderate
87,10,0.3499205019666236,2,1.0640028879838614,1.2626425929354073,15,0.23148722391034932,1.5016143913883329,0.07245310085577947,1.3956167480102395,0.33181409296959896,0.10297877227095785,0.04878790601909222,0.04505863661569638,300,200,800,0.0,0.0,0,True,299,882141,53,0.5,0,0.676991075396112,0.323008924603888,0.5,0.5,0.0,19,0.1,0.10111676099960085,0.015432481594023289,0.31035080924182695,0.02252931830784819,,Extinct,Rare,Moderate,Moderate
88,2,0.4690090405818298,3,1.0287068022080395,1.1201977952555389,15,0.13233264697222863,2.0792355795187216,0.09525801886528118,1.3754093542170325,0.3710583681034507,0.07684506829862894,0.020119897750383583,0.06735859388949804,300,200,800,0.0,0.0,0,True,299,628258,78,0.5,0,0.6459832115258843,0.35401678847411566,0.5,0.5,0.0,19,0.5,0.13101877021149028,0.008822176464815241,0.2070969823195164,0.03367929694474902,,Extinct,Frequent,Moderate,Complex
89,10,0.14802026042808514,2,1.1392082957638066,1.155643481755074,15,0.0700710701346186,2.047919935978964,0.15908816199200493,1.3840083179012086,0.23996565567831302,0.09613003673792317,0.027994761016154227,0.005917165163531535,300,200,800,0.0,0.0,0,True,299,855327,117,0.5,0,0.5740390270603923,0.4259609729396076,0.5,0.5,0.0,19,0.1,0.22017933947654972,0.00467140467564124,0.4005991460160895,0.0029585825817657675,,Extinct,Rare,Fast,Moderate
90,20,0.0,1,0.9773255931130655,1.1077062316801007,0,0.17316242563445222,2.1169396512230003,0.1497520709548552,1.7645262917508824,0.17799810825391416,0.12442251784928494,0.04037464673352739,0.050697041376465926,300,200,800,0.0,1.0,3,False,300,2336849,366,0.04067649436211371,0,1.0,0.0,0.04067649436211371,0.04067649436211371,0.0,0,0.05,0.26424146644398566,0.17316242563445222,0.6990103381986303,0.0020621779177256616,,Survived,Rare,Fast,Simple
91,2,0.0,1,1.1095727581535244,1.1022644429884427,0,0.08051006064174988,2.0141065187738953,0.08476148510998961,1.4087491564327226,0.14240501097492728,0.05694671597087436,0.04418351633674494,0.018149622555122782,300,200,800,0.0,1.0,2,False,300,2353125,412,0.13775407092276695,0,1.0,0.0,0.13775407092276695,0.13775407092276695,0.0,0,0.5,0.11940767064668265,0.08051006064174988,0.39989264128423657,0.0025001843926798343,,Survived,Frequent,Moderate,Simple
92,5,0.583007014581872,3,1.0324781958159372,1.3734361551191299,15,0.26518562361370196,2.311925730663831,0.09846680432576299,1.8599618296875207,0.12493511654461611,0.13078150402878622,0.03848629385767707,0.015569605195325333,300,200,800,0.0,1.0,1,False,300,1412762,200,0.2688502298724294,0,0.723610385256328,0.2763896147436719,0.16882297802718677,0.36887748171767204,-0.20005450369048527,20,0.2,0.1831444975372292,0.0176790415742468,1.046795389846075,0.004185891935786187,,Survived,Occasional,Moderate,Complex
93,10,0.24727937315967852,3,1.1499089289382802,1.4766346216794446,10,0.07958197566107063,1.9102009127386643,0.136726697599968,1.7906403726398077,0.13913985205932788,0.018954383710275323,0.0324741276742726,0.03290649765318263,300,200,800,0.0,0.0,0,True,299,1064566,133,0.5,0,0.4984574368568756,0.5015425631431244,0.5,0.5,0.0,29,0.1,0.244828344740217,0.007958197566107062,0.13622541227220333,0.016453248826591316,,Extinct,Rare,Fast,Complex
94,20,0.7184245419174607,3,1.1212772820879602,1.474829635402218,25,0.2661614639418265,1.53376113034599,0.1483279511962788,1.3359911118038197,0.3310423769683961,0.12819978946747326,0.04848577153774532,0.05777201864176179,300,200,800,0.0,0.0,0,True,299,1042754,128,0.5,0,0.8129323475053281,0.187067652494672,0.5,0.5,0.0,11,0.05,0.19816482443029923,0.01064645855767306,0.3872609623018512,0.028886009320880895,,Extinct,Rare,Moderate,Complex
95,2,0.15392158334818593,2,1.10193339965718,1.2277852609103228,10,0.2086920564518756,1.5509313123811286,0.0631825865869341,1.8420478483968694,0.3187668835390914,0.13726160077789482,0.024600238516069746,0.035402712721535855,300,200,800,0.0,0.0,0,True,298,704393,76,0.5,0,0.5758534182032348,0.4241465817967653,0.5,0.5,0.0,29,0.5,0.11638534767861086,0.02086920564518756,0.43060182178887474,0.017701356360767927,,Extinct,Frequent,Moderate,Moderate
96,10,0.5539386230664433,2,0.898357131498346,1.1539555456636355,25,0.2039698753781517,2.4487119769778203,0.19290635013734841,1.6968622858618085,0.31813092013288957,0.14087762855019545,0.04875918655696802,0.08116897182115679,300,200,800,0.0,0.0,0,True,300,1122666,128,0.5,0,0.7766151151471226,0.22338488485287744,0.5,0.5,0.0,11,0.1,0.32733551025131946,0.008158795015126069,0.4428290984458476,0.040584485910578394,,Extinct,Rare,Fast,Moderate
97,5,0.6816789481649759,2,0.8695173687077542,1.2004719848051617,15,0.10141889404010064,1.9469335568084707,0.16521288464345063,1.6919906304643724,0.27440861706427544,0.01720033210018354,0.04411978143748721,0.05008271290762441,300,200,800,0.0,1.0,1,False,300,1172402,156,0.08906620935276224,0,0.8405639526290665,0.1594360473709336,0.07868275965191394,0.09944965905361056,-0.020766899401696612,19,0.2,0.27953865284870966,0.006761259602673376,0.06268145761674336,0.004460677392784764,,Survived,Occasional,Fast,Moderate
98,20,0.765629164327821,3,1.1899500448335383,1.1145292238477396,25,0.18575009663759712,2.075349883811618,0.07414424397559831,1.5254382805603197,0.22518893650748054,0.14193538341162973,0.04853687123830104,0.02271296996836908,300,200,800,0.0,1.0,1,False,300,1202719,161,0.26404789140011553,0,0.8434877926924348,0.15651220730756515,0.2008248053276112,0.32727097747261985,-0.12644617214500864,12,0.05,0.11310246804358152,0.007430003865503885,0.6302946566245486,0.005997311827582004,,Survived,Rare,Moderate,Complex
99,10,0.5372468481683799,3,0.8418518456482249,1.3576002625956707,25,0.18024739360354664,2.2053284254745025,0.051645298746091736,1.2719574549035564,0.12055973310123855,0.11372336909592652,0.04966350616830899,0.07321615650349138,300,200,800,0.0,1.0,1,False,300,2022865,242,0.2699812433572675,0,0.6984338866966473,0.30156611330335265,0.2558853710323851,0.2840771156821498,-0.02819174464976465,12,0.1,0.06569062275081268,0.007209895744141865,0.9432947981099853,0.01976698896665289,,Survived,Rare,Slow,Complex
100,5,0.3271644420538171,3,1.0011378834175773,1.285179537374847,15,0.13899620072053648,2.0146710492038533,0.06271956938497934,1.331847129425323,0.17846078547637012,0.046664298768312774,0.046681027480999754,0.026840047676116086,300,200,800,0.0,1.0,1,False,300,1303929,145,0.2676878537928844,0,0.5520972914664463,0.44790270853355374,0.2307204055961235,0.3046553019896453,-0.0739348963935218,19,0.2,0.0835328784441771,0.009266413381369099,0.2614820877525027,0.0071847547581182095,,Survived,Occasional,Slow,Complex
101,10,0.22731447188827084,2,0.9707376390658216,1.3802573012638824,25,0.26546493482488615,1.5502770232767231,0.15139947684454302,1.2618918613023824,0.39553396467060975,0.11853280622070074,0.03524794319061844,0.08241448578501877,300,200,800,0.0,0.0,0,True,299,722257,76,0.5,0,0.6141221890899242,0.3858778109100757,0.5,0.5,0.0,11,0.1,0.19104976763556733,0.010618597392995446,0.2996779462906851,0.041207242892509384,,Extinct,Rare,Moderate,Moderate
102,5,0.0,1,1.114774082086975,1.4336057157082944,0,0.289482278428809,1.9072236496795987,0.189102341042585,1.2223118805649131,0.22737258859688297,0.10370365440887479,0.022805101441936787,0.055885940697976415,300,200,800,0.0,1.0,1,False,300,1238058,181,0.07414792515903791,0,1.0,0.0,0.07414792515903791,0.07414792515903791,0.0,0,0.2,0.23114203809898962,0.289482278428809,0.4560956755993781,0.004143826548315986,,Survived,Occasional,Fast,Simple
103,2,0.3963095946743085,3,1.1985173491502867,1.4114007225383665,20,0.20595728480167885,1.743214008800143,0.19446281179413943,1.2651447025648423,0.16671473570057443,0.043969107689566946,0.04700581079728906,0.007877978252180796,300,200,800,0.0,0.0,0,True,300,1453268,168,0.5,0,0.5978418868584,0.40215811314160005,0.5,0.5,0.0,15,0.5,0.24602359618721945,0.010297864240083943,0.2637385801848795,0.003938989126090398,,Extinct,Frequent,Fast,Complex
104,10,0.0,1,0.8237156869005644,1.1272251583468411,0,0.13671028022146953,2.4369538580276684,0.18282626885312936,1.2169003128637286,0.3895056162789623,0.09536104753142294,0.04242101762458575,0.05852920166869649,300,200,800,0.0,0.0,0,True,299,939389,108,0.5,0,1.0,0.0,0.5,0.5,0.0,0,0.1,0.22248134376708126,0.13671028022146953,0.24482586013118166,0.029264600834348245,,Extinct,Rare,Fast,Simple
105,20,0.2781175693610079,2,1.0544456054915348,1.1346041739242014,25,0.1006804389626189,2.068023091518495,0.07568702152132212,1.2225255729936915,0.15663871293377896,0.03834044345869544,0.04832902499285356,0.09782443273459304,300,200,800,0.0,1.0,1,False,300,1583147,208,0.3408282212251449,0,0.6387960665252903,0.36120393347470975,0.3338526869316187,0.34780375551867104,-0.013951068587052362,11,0.05,0.09252931935354018,0.004027217558504756,0.24476990866813594,0.033341327401290186,,Survived,Rare,Slow,Moderate
106,5,0.7558301512152592,3,0.9496152527069052,1.3399951455538426,25,0.2102085333656103,1.5224417952539997,0.11477899835498895,1.4495020337071656,0.3216167785857995,0.0013123704239562939,0.030050576103747687,0.03906058609344677,300,200,800,0.0,0.0,0,True,299,827612,116,0.5,0,0.8395727461964563,0.16042725380354367,0.5,0.5,0.0,11,0.2,0.1663723915424279,0.008408341334624411,0.004080540914957848,0.019530293046723386,,Extinct,Occasional,Moderate,Complex
107,20,0.5463313733846974,2,0.8875161540647126,1.4263475280194997,20,0.19637091492096237,1.7715867463170336,0.07394254792560818,1.7299948753485823,0.11929895490705117,0.13246310446128803,0.03165309444270421,0.08195916177844476,300,200,800,0.0,1.0,3,False,300,1463002,186,0.24742846405684715,0,0.7801027975003433,0.21989720249965675,0.22955119508280963,0.26530573303088467,-0.03575453794807504,15,0.05,0.1279202289815191,0.009818545746048119,1.110345891667646,0.020279029514227238,,Survived,Rare,Moderate,Moderate
108,20,0.0,1,0.8896368096478833,1.1491499081949625,0,0.05643388814254964,1.6765430876049572,0.19618059191045456,1.427621679488031,0.3037595943934255,0.05835008568300834,0.03198415526361625,0.014434198038868818,300,200,800,0.0,0.0,0,True,299,944869,117,0.5,0,1.0,0.0,0.5,0.5,0.0,0,0.05,0.2800716661061592,0.05643388814254964,0.19209297997492736,0.007217099019434409,,Extinct,Rare,Fast,Simple
109,2,0.0,1,1.18390382170676,1.4978161633812368,0,0.10555148596886123,1.747284712683888,0.09983167605614268,1.6979955123978445,0.1013201233874434,0.014573115894608623,0.022562459724107364,0.08735421249076311,300,200,800,0.0,1.0,6,False,300,2011566,305,0.06856271066134241,0,1.0,0.0,0.06856271066134241,0.06856271066134241,0.0,0,0.5,0.16951373793848562,0.10555148596886123,0.14383239387581193,0.005989241596053615,,Survived,Frequent,Moderate,Simple
110,20,0.44814291665410516,2,0.9145599785471948,1.110214553130619,15,0.2596531773236492,2.1921567694696225,0.1704613754830342,1.773880591517718,0.14531821200968442,0.04716059231403017,0.04566693011639656,0.000698177286703594,300,200,800,0.0,1.0,2,False,300,1754740,248,0.09291333514083648,0,0.7315577708825975,0.26844222911740245,0.022202531375844218,0.16362413890582875,-0.14142160752998453,20,0.05,0.30237812557276855,0.01731021182157661,0.3245332547230023,6.486998022721092e-05,,Survived,Rare,Fast,Moderate
111,5,0.0,1,1.0258574910356555,1.1358466654330626,0,0.18151453913390592,1.5416701793801912,0.10281948444526254,1.9738052860545996,0.11050355630521566,0.12343783128693815,0.026000623513909776,0.04172279674364496,300,200,800,0.0,1.0,7,False,300,2122928,368,0.05318036266351154,0,1.0,0.0,0.05318036266351154,0.05318036266351154,0.0,0,0.2,0.2029456419074679,0.18151453913390592,1.1170484952176332,0.002218833462163017,,Survived,Occasional,Fast,Simple
112,5,0.1667832818279278,2,1.1316226878450029,1.2379914860024313,10,0.08836302136472592,2.3069848221143574,0.19486596663559147,1.7015782419617953,0.1913630168360368,0.07882134942083772,0.047606199191788046,0.09624835268589377,300,200,800,0.0,1.0,1,False,300,1264345,145,0.04175604171486934,0,0.5822303750649088,0.4177696249350911,0.04060895780391531,0.04290312562582336,-0.0022941678219080483,30,0.2,0.3315796889259756,0.008836302136472591,0.41189437083537017,0.0040189502297396365,,Survived,Occasional,Fast,Moderate
113,2,0.009358686054032539,2,1.0417318437147336,1.2540548973985512,15,0.2337643614498534,2.465646007674369,0.14450282008690557,1.5370504232088913,0.27126727677585205,0.12343737017393508,0.02894206212878892,0.0338168309628507,300,200,800,0.0,0.0,0,True,300,798942,77,0.5,0,0.503912783005916,0.49608721699408403,0.5,0.5,0.0,19,0.5,0.2221081207694565,0.015584290763323561,0.45503966287806724,0.01690841548142535,,Extinct,Frequent,Fast,Moderate
114,2,0.3681883101567057,3,0.9106253695621004,1.4115160128406146,15,0.08175475536019224,2.2806942524737126,0.1624363370718644,1.537750837519609,0.200187481346605,0.059143806376173835,0.04953856917029398,0.03265668647630892,300,200,800,0.0,0.0,0,True,299,882551,102,0.5,0,0.5774407919430915,0.4225592080569085,0.5,0.5,0.0,19,0.5,0.24978661337587696,0.005450317024012816,0.2954420824835302,0.01632834323815446,,Extinct,Frequent,Fast,Complex
115,10,0.16840379534842065,3,0.8852057859367477,1.156713944271519,25,0.06896092315488654,1.653618269941838,0.07222766379485958,1.4155809821858396,0.2289255454217786,0.06483801083449163,0.03358566292631618,0.041420447072315195,300,200,800,0.0,0.0,0,True,299,835019,110,0.5,0,0.4485081832406182,0.5514918167593819,0.5,0.5,0.0,11,0.1,0.10224410725571594,0.002758436926195462,0.28322750401241736,0.020710223536157597,,Extinct,Rare,Moderate,Complex
116,20,0.32460225230447826,3,1.1809738191982209,1.2703801854284849,25,0.11749914918891922,2.4762557802400833,0.1956415646996778,1.246835851596592,0.3531868977784465,0.14351758801381004,0.047654129305286494,0.018700060395258702,300,200,800,0.0,0.0,0,True,299,817191,67,0.5,0,0.5483698439446113,0.4516301560553887,0.5,0.5,0.0,11,0.05,0.24393291693001254,0.004699965967556769,0.40635026077280584,0.009350030197629351,,Extinct,Rare,Fast,Complex
117,2,0.635291436791003,3,1.0578804743272934,1.2848857193305492,10,0.1634760500877031,2.010433202971886,0.160883673289747,1.6982190514347208,0.29961616563002935,0.09204510937700869,0.04228610131463577,0.033367801734983826,300,200,800,0.0,0.0,0,True,299,714689,98,0.5,0,0.7583052882936979,0.2416947117063021,0.5,0.5,0.0,29,0.5,0.2732157190454477,0.016347605008770312,0.3072100905618938,0.016683900867491913,,Extinct,Frequent,Fast,Complex
118,5,0.005292391430185362,3,1.1957855426383612,1.445023353172736,10,0.1862206362977355,2.0461127379785657,0.11585273588874685,1.8612795059839518,0.16895538702746762,0.14831555335523336,0.04254241863146972,0.024943526081724676,300,200,800,0.0,0.0,0,True,300,989559,101,0.5,0,0.34597771909373115,0.6540222809062689,0.5,0.5,0.0,29,0.2,0.21563432302189597,0.01862206362977355,0.8778385582409469,0.012471763040862338,,Extinct,Occasional,Fast,Complex
119,5,0.567329650474287,3,1.0757564576696224,1.1823888090763814,10,0.2512399081397801,2.317422231493881,0.18955199552449886,1.5987731708127566,0.26595867005614193,0.028275066139797304,0.041814208532957114,0.0939128344208383,300,200,800,0.0,0.0,0,True,299,982732,134,0.5,0,0.7169766192700996,0.28302338072990035,0.5,0.5,0.0,29,0.2,0.3030506449185885,0.02512399081397801,0.10631375970495206,0.04695641721041915,,Extinct,Occasional,Fast,Complex
120,5,0.0,1,1.0239583580379055,1.1752288300708615,0,0.1707585021192493,2.08539927932243,0.11914343838630043,1.5488011241833204,0.3680505066105171,0.08455255883548002,0.03146422990936357,0.09000898209510966,300,200,800,0.0,0.0,0,True,299,871413,114,0.5,0,1.0,0.0,0.5,0.5,0.0,0,0.2,0.18452949131176827,0.1707585021192493,0.2297308584469801,0.04500449104755483,,Extinct,Occasional,Moderate,Simple
121,5,0.5587675325106023,2,1.0893787926196072,1.3809448165120812,15,0.16029286018778804,1.5131177130423459,0.12456954355190746,1.3624193758296246,0.13256712606605808,0.024707412088564095,0.04386801098971305,0.017245305898574016,300,200,800,0.0,1.0,1,False,300,2153147,289,0.12227536188691618,0,0.7845655302076668,0.2154344697923331,0.056212297058006185,0.18833842671582618,-0.13212612965782,20,0.2,0.16971595977337098,0.010686190679185869,0.18637661403515993,0.002108676019598708,,Survived,Occasional,Moderate,Moderate
122,10,0.0,1,1.0542903964961423,1.4532546744529942,0,0.18979690810818484,2.013656559395619,0.17395861553487568,1.3364871153013123,0.31920677811868214,0.07598140457453699,0.020730635138234702,0.0663739261846437,300,200,800,0.0,0.0,0,True,299,808757,99,0.5,0,1.0,0.0,0.5,0.5,0.0,0,0.1,0.23249344825801604,0.18979690810818484,0.2380319272114167,0.03318696309232185,,Extinct,Rare,Fast,Simple
123,10,0.2087370221830642,2,0.9474862477309571,1.225072666651081,25,0.10871514007958137,2.3178655409397697,0.0612332847442281,1.644873682368064,0.1540526823862196,0.08322131532497405,0.047510619265704296,0.06293845687436611,300,200,800,0.0,1.0,2,False,300,1413170,149,0.4174715455290633,0,0.6069602773119901,0.3930397226880099,0.3966488413655944,0.4382942496925321,-0.041645408326937694,12,0.1,0.10072101856073068,0.004348605603183255,0.540213348030728,0.02627501486455592,,Survived,Rare,Moderate,Moderate
124,10,0.0,1,1.0051467303950794,1.3280586857550225,0,0.21037297553906414,1.7286044841096122,0.05800585426206506,1.5526649531753636,0.35323684252898757,0.03644401281799344,0.040485521436566946,0.022518077527035586,300,200,800,0.0,0.0,0,True,299,1036823,122,0.5,0,1.0,0.0,0.5,0.5,0.0,0,0.1,0.09006365699170621,0.21037297553906414,0.10317160734727931,0.011259038763517793,,Extinct,Rare,Slow,Simple
125,2,0.2993160978881921,2,1.0861559324218182,1.3722145608457832,10,0.08715018230018058,1.7364162684485933,0.0520156157374845,1.7115836402304176,0.23204420005387927,0.023930959407350592,0.036434331242771525,0.0480027663862545,300,200,800,0.0,0.0,0,True,300,1090264,125,0.5,0,0.6532200758094716,0.3467799241905284,0.5,0.5,0.0,29,0.5,0.08902907693279032,0.008715018230018058,0.10313103883567858,0.02400138319312725,,Extinct,Frequent,Slow,Moderate
126,5,0.0,1,0.9884247059108325,1.114441935377788,0,0.13101232480779218,2.3119016656077016,0.1854844926137001,1.3449650100746144,0.26024228854072806,0.0026086521000152018,0.04241636968538911,0.08219279000841379,300,200,800,0.0,0.0,0,True,300,1922260,270,0.5,0,1.0,0.0,0.5,0.5,0.0,0,0.2,0.2494701524768699,0.13101232480779218,0.01002393621206934,0.04109639500420689,,Extinct,Occasional,Fast,Simple
127,5,0.522159056024669,3,0.9484138214890269,1.1458369891685019,10,0.21597569167719727,2.4970297145863345,0.08712075833464972,1.2968715347791329,0.3341328391627293,0.0019950840772639976,0.02900782995424145,0.010723386241953403,300,200,800,0.0,0.0,0,True,299,763375,103,0.5,0,0.6798451546168243,0.32015484538317573,0.5,0.5,0.0,29,0.2,0.1129844315725791,0.021597569167719727,0.0059709308497281595,0.005361693120976702,,Extinct,Occasional,Moderate,Complex
128,20,0.2287537948042978,3,1.0167548880444077,1.2980289540518208,20,0.09789433808718433,2.3704235896143557,0.16821796238745912,1.9421943297827229,0.14264826282099347,0.10384567078387773,0.029129539114111924,0.02061653473095856,300,200,800,0.0,0.0,0,True,300,890092,106,0.5,0,0.4943839079945405,0.5056160920054594,0.5,0.5,0.0,14,0.05,0.32671197271652647,0.004894716904359216,0.7279841249394788,0.01030826736547928,,Extinct,Rare,Fast,Complex
129,20,0.5355106726192861,2,1.1886815586736343,1.2729780262126145,25,0.2647364414091057,1.82078194695595,0.0595673322951244,1.4063761776200394,0.19234905345063838,0.0029582409632813223,0.02533698757438675,0.05375382938043364,300,200,800,0.0,1.0,1,False,300,1024343,153,0.23038874798551806,0,0.7669702701391921,0.233029729860808,0.22200634736911468,0.23877114860192142,-0.016764801232806742,11,0.05,0.08377407710423979,0.010589457656364227,0.015379545208110326,0.012384277450385263,,Survived,Rare,Slow,Moderate
130,10,0.6940037422645761,2,0.8491367718766827,1.4134250803159067,20,0.2063043184587962,2.068877217081184,0.1090590342423498,1.6032264690114544,0.22927864005147094,0.016817948671835965,0.03099955410915579,0.08275026346066507,300,200,800,0.0,1.0,2,False,300,1256537,187,0.17255832586042533,0,0.846799936395072,0.15320006360492797,0.16241804723245784,0.1826986044883928,-0.020280557255934972,15,0.1,0.17484633038216177,0.01031521592293981,0.07335157199144451,0.01427924692728149,,Survived,Rare,Moderate,Moderate
131,5,0.48697605429514224,3,0.892172775226149,1.110399207673687,10,0.27906191475207914,2.1019446977134253,0.115715325886092,1.3279264474705175,0.1363383692819815,0.09218301915039508,0.030803023558668645,0.05766533965156156,300,200,800,0.0,1.0,1,False,300,1138084,168,0.1710592473734341,0,0.6577931451500154,0.34220685484998464,0.164421953181277,0.17769654156559114,-0.01327458838431414,29,0.2,0.15366144162181136,0.027906191475207915,0.6761340892946854,0.009864189600329566,,Survived,Occasional,Moderate,Complex
132,20,0.09317784489808521,2,1.1571961897295162,1.375830312826106,20,0.10799945768464782,1.8829631042852166,0.10810107772795233,1.8749024471978903,0.33324927052720943,0.030457071132516115,0.032408983064771316,0.011948118130872133,300,200,800,0.0,0.0,0,True,299,757666,87,0.5,0,0.5448024521008227,0.4551975478991774,0.5,0.5,0.0,14,0.05,0.20267897517686717,0.005399972884232391,0.0913942619719233,0.005974059065436067,,Extinct,Rare,Fast,Moderate
133,10,0.5110255012314145,3,0.9172590250011983,1.3511812201965077,20,0.1211425202833528,2.064320589809972,0.08586528945824151,1.9539288154146661,0.21967067045207156,0.008996940566304873,0.040014826594102215,0.027671317901158222,300,200,800,0.0,0.0,0,True,300,1294261,157,0.5,0,0.6755483108157486,0.3244516891842514,0.5,0.5,0.0,15,0.1,0.16777466331637925,0.0060571260141676405,0.040956494318470496,0.013835658950579111,,Extinct,Rare,Moderate,Complex
134,20,0.7198819049288856,2,0.9685854588852105,1.386675722096795,10,0.2634219191719196,2.3166509358676777,0.16249316926106827,1.5393895704038343,0.13557545119086825,0.1452154861621621,0.030699249013645236,0.09725479140569449,300,200,800,0.0,0.0,0,True,300,1346223,207,0.5,0,0.8597731400740849,0.14022685992591516,0.5,0.5,0.0,29,0.05,0.25014029002235344,0.02634219191719196,1.071104575987892,0.04862739570284724,,Extinct,Rare,Fast,Moderate
135,2,0.257261398873799,3,1.136723898587624,1.1728542565521158,10,0.21264639247793987,1.998375187595963,0.15564785292839267,1.4387891782793725,0.11387866330658872,0.14597222757644007,0.035428266848466616,0.09740729544740735,300,200,800,0.0,0.0,0,True,300,1060981,96,0.5,0,0.5039681273404725,0.49603187265952753,0.5,0.5,0.0,29,0.5,0.2239444464157907,0.02126463924779399,1.2818224532847542,0.048703647723703676,,Extinct,Frequent,Fast,Complex
136,5,0.0,1,1.0755670109777313,1.3134290865913845,0,0.1256299546100293,1.8026669522855006,0.0763107531096464,1.678074721251256,0.2301145792729669,0.11181183772348972,0.04169673763364448,0.03136367150281762,300,200,800,0.0,1.0,4,False,300,2161432,298,0.1286390606018503,0,1.0,0.0,0.1286390606018503,0.1286390606018503,0.0,0,0.2,0.1280551457529433,0.1256299546100293,0.48589636552691473,0.00403459323914748,,Survived,Occasional,Moderate,Simple
137,10,0.2268400184294456,3,1.1755210424467768,1.3663293062315245,20,0.23402269670230558,2.156073586030139,0.11051971674027813,1.3885904111348968,0.28368880074937236,0.07722058377686648,0.026932040298634597,0.00042988144997948565,300,200,800,0.0,0.0,0,True,299,751584,84,0.5,0,0.4881278042076049,0.5118721957923951,0.5,0.5,0.0,14,0.1,0.15346661890689514,0.01170113483511528,0.2722017350451834,0.00021494072498974283,,Extinct,Rare,Moderate,Complex
138,10,0.0,1,1.0626721022019527,1.3564958617933258,0,0.11181066967853893,2.1790826376288948,0.1108949134468114,1.2744213074210973,0.1630194014722997,0.09356558810282598,0.025426346042545706,0.05687033784845196,300,200,800,0.0,1.0,6,False,300,1700199,315,0.13004303610885834,0,1.0,0.0,0.13004303610885834,0.13004303610885834,0.0,0,0.1,0.14132684058123482,0.11181066967853893,0.5739536966630604,0.007395591398349211,,Survived,Rare,Moderate,Simple
139,5,0.6310403992456262,3,1.0785984911930848,1.475907225008081,20,0.0602943986733893,2.36170268695677,0.16931766010618393,1.8677690977179662,0.17886490035133637,0.08329157023492591,0.04858840551815455,0.003281614498886798,300,200,800,0.0,0.0,0,True,300,1718116,215,0.5,0,0.7540041802900713,0.24599581970992865,0.5,0.5,0.0,14,0.2,0.3162462932442444,0.003014719933669465,0.46566749581007777,0.001640807249443399,,Extinct,Occasional,Fast,Complex
140,5,0.0,1,0.9033841424942467,1.2482502995708218,0,0.07117434347279648,1.55318454876701,0.19101598602051356,1.3743145685662652,0.14446723927321556,0.061248312398821295,0.04666491161760805,0.0262416041378574,300,200,800,0.0,1.0,4,False,300,2343238,503,0.043432911550613414,0,1.0,0.0,0.043432911550613414,0.043432911550613414,0.0,0,0.2,0.26251605241704185,0.07117434347279648,0.4239598728884745,0.0011397492714657715,,Survived,Occasional,Fast,Simple
141,10,0.0,1,1.1036324906368877,1.1461814585841354,0,0.2715413043224559,1.639871983570683,0.17355955059634812,1.9100338710932934,0.15473476004936326,0.03436116927884428,0.027404321992647515,0.03118449833277023,300,200,800,0.0,1.0,10,False,300,1834848,296,0.02379331787807312,0,1.0,0.0,0.02379331787807312,0.02379331787807312,0.0,0,0.1,0.3315046202907551,0.2715413043224559,0.22206496631967132,0.0007419826816998432,,Survived,Rare,Fast,Simple
142,5,0.398126197877878,3,0.8221121807465632,1.2896301674297224,15,0.25765384640956895,1.908390162944535,0.19227520479620064,1.7843970643954492,0.21442175831932175,0.03078609120245047,0.04091108791081727,0.09191888232637811,300,200,800,0.0,0.0,0,True,299,1107993,129,0.5,0,0.6077616270708698,0.3922383729291302,0.5,0.5,0.0,19,0.2,0.34309531099437424,0.017176923093971265,0.14357727239883522,0.045959441163189056,,Extinct,Occasional,Fast,Complex
143,5,0.0,1,0.8150452157578818,1.1247976546084073,0,0.14383517922679556,2.0807351576023962,0.17013224359952256,1.578848455622996,0.3860124467149274,0.01540631488657802,0.028542049261290756,0.003980961992219967,300,200,800,0.0,0.0,0,True,299,787079,100,0.5,0,1.0,0.0,0.5,0.5,0.0,0,0.2,0.26861303005878157,0.14383517922679556,0.03991144590722402,0.0019904809961099833,,Extinct,Occasional,Fast,Simple
144,10,0.1098479719773498,2,0.8153045531436046,1.404193202576729,25,0.180444617113037,2.44765152054466,0.05655015080167651,1.3880242390300892,0.1912144990629851,0.0775940098435813,0.0324108520976275,0.006065092134198658,300,200,800,0.0,0.0,0,True,300,988222,117,0.5,0,0.5577816676794519,0.4422183323205481,0.5,0.5,0.0,12,0.1,0.07849298003353383,0.00721778468452148,0.40579563905361704,0.003032546067099329,,Extinct,Rare,Slow,Moderate
145,2,0.0,1,1.009760662988429,1.2746146655532495,0,0.12396392712099448,2.375225718185942,0.0925445356857662,1.9823697358685899,0.3240097390656618,0.11666737997067761,0.03856410328479912,0.09960361188668401,300,200,800,0.0,0.0,0,True,299,1014320,131,0.5,0,1.0,0.0,0.5,0.5,0.0,0,0.5,0.18345748676347365,0.12396392712099448,0.36007368268345336,0.049801805943342006,,Extinct,Frequent,Moderate,Simple
146,5,0.26535100229538156,3,0.9054387705290282,1.388642709269993,15,0.19205337111006815,2.3404392009186843,0.08163428703573239,1.4115848583879185,0.3206295367777662,0.10990979364276382,0.045231662122699995,0.005214094787566893,300,200,800,0.0,0.0,0,True,299,738217,85,0.5,0,0.5141262408184503,0.48587375918154974,0.5,0.5,0.0,19,0.2,0.115233723504933,0.012803558074004543,0.3427937262029112,0.0026070473937834463,,Extinct,Occasional,Moderate,Complex
147,20,0.6053988549585216,2,0.9195680195029589,1.4216011955864067,25,0.11012355749576662,1.9554743667678105,0.17872048577888683,1.7435046590010397,0.39870588075048286,0.02457736977611663,0.034175199380048274,0.04544915623685272,300,200,800,0.0,0.0,0,True,298,721277,68,0.5,0,0.802947698683994,0.19705230131600607,0.5,0.5,0.0,11,0.05,0.31159999961441825,0.004404942299830665,0.061642857461381616,0.02272457811842636,,Extinct,Rare,Fast,Moderate
148,2,0.4394565392777988,2,0.8879172408241126,1.1807623013271986,25,0.1708632297497074,2.3043477037013527,0.16572589302368873,1.2598732717650356,0.2979158878273691,0.03429681962037751,0.04674294967421033,0.0891687212648996,300,200,800,0.0,0.0,0,True,299,962562,83,0.5,0,0.7187709705480303,0.2812290294519697,0.5,0.5,0.0,11,0.5,0.208793623059937,0.006834529189988297,0.11512249269582833,0.0445843606324498,,Extinct,Frequent,Fast,Moderate
149,5,0.35004535929249747,2,1.0698746959754284,1.205839994000528,10,0.28129277898744626,1.8372850763756883,0.17748795624997782,1.243366131414225,0.24859732348435057,0.1042594904302369,0.03554610774088135,0.02760575634899616,300,200,800,0.0,0.0,0,True,299,890873,102,0.5,0,0.6758679681996579,0.32413203180034217,0.5,0.5,0.0,29,0.2,0.22068251353515214,0.028129277898744625,0.41939104158054274,0.01380287817449808,,Extinct,Occasional,Fast,Moderate
