run_id,shock_interval_years,homophily_bias,num_groups,out_group_trust_bias,out_group_penalty,intervention_interval,intervention_scale,event_bonus,base_trust_delta,group_trust_bias,resilience_threshold,resilience_noise,turnover_rate,social_diffusion,max_rounds,initial_population,max_population,final_cooperation_rate,behavioral_cooperation_rate,cooperation_resilience,final_constrained_rate,final_population,extinction_occurred,rounds_completed,total_defections,total_redemptions,redemption_rate,avg_trust_level,cooperation_benefit_total,in_group_interaction_rate,out_group_interaction_rate,avg_in_group_trust,avg_out_group_trust,trust_asymmetry,total_mixing_events,shock_frequency,trust_sensitivity,intervention_intensity,resilience_variability,social_cohesion_factor,outcome_category,extinction_category,shock_severity,trust_development,group_complexity
0,10,0.5969440922478738,2,1.147506441076935,1.2600619069924233,20,0.08228697923290369,1.7782608413463534,0.06976804791028832,1.4144749862916137,0.3593228098302904,0.05155725378646609,0.045974114611887544,0.04408090521381493,300,200,800,0.9987373737373737,0.7124297485861995,0.9987373737373737,0.0012626262626262627,792,False,300,112390,102,0.0009067311453258898,0.6526646664879953,0,0.797845525840239,0.20215447415976093,0.6806872734388187,0.6246420595371718,0.05604521390164696,15,0.1,0.09868515861149772,0.004114348961645185,0.1434845002208927,0.028770049299863452,High_Coop,Survived,Rare,Slow,Moderate
1,2,0.0,1,1.0239783859301004,1.150989121785612,0,0.21539434994290685,1.9510259638706766,0.06256169711596465,1.8548529068685966,0.16585984368122747,0.06991897697019292,0.029187971327113017,0.0846493130901672,300,200,800,0.9746835443037974,0.2285214587169705,0.9746835443037974,0.02531645569620253,474,False,300,256686,3514,0.01350499615680246,0.5117631275419241,0,1.0,0.0,0.5117631275419241,0.5117631275419241,0.0,0,0.5,0.11604274575417974,0.21539434994290685,0.4215545813763875,0.0433203972112995,High_Coop,Survived,Frequent,Moderate,Simple
2,5,0.0,1,0.9206457110651056,1.1618272479789538,0,0.27882960879413526,1.5753183525688743,0.054535901636246664,1.2148452744795901,0.3118720520166527,0.06480417360991671,0.04307680208460431,0.020919757607513835,300,200,800,0.7841907151819323,0.5246866954950872,0.7841907151819323,0.21580928481806774,797,False,300,189033,2979,0.015514655334041623,0.561731377910621,0,1.0,0.0,0.561731377910621,0.561731377910621,0.0,0,0.2,0.06625268239227801,0.27882960879413526,0.20779089755197566,0.011751284266424942,High_Coop,Survived,Occasional,Slow,Simple
3,2,0.0,1,0.8957446059031937,1.393862613426467,0,0.15594181394254297,1.5620883326627546,0.14006763746132828,1.452551324921029,0.1675197630450927,0.14838715410288578,0.04539295919416783,0.09621973651687413,300,200,800,0.6767295597484276,0.2780684402806683,0.6767295597484276,0.3232704402515723,795,False,300,318995,4224,0.013068538668828256,0.5924758052975059,0,1.0,0.0,0.5924758052975059,0.5924758052975059,0.0,0,0.5,0.20345543237301073,0.15594181394254297,0.8857889445733228,0.05700786587834883,Medium_Coop,Survived,Frequent,Fast,Simple
4,20,0.4763098985504075,2,1.0891983682592092,1.1535883407159917,10,0.1940077375627306,2.2959154126106207,0.18578053300590752,1.5112459817899406,0.36713499864296495,0.14594927356537918,0.03583431541588056,0.07684434643703009,300,200,800,1.0,0.6800162539365002,1.0,0.0,591,False,300,95320,44,0.0004613900423639948,0.7872355498291088,0,0.7363072306574249,0.26369276934257513,0.846706508057761,0.7277645916004566,0.11894191645730445,30,0.05,0.2807600839999712,0.01940077375627306,0.397535713306683,0.0604946013186139,High_Coop,Survived,Rare,Fast,Moderate
5,10,0.0,1,1.0611729857314092,1.1608616029756513,0,0.11868529081577918,2.304298992184867,0.15459931310994549,1.6843905566313544,0.13578826157151364,0.12434605987050847,0.03916315121819425,0.060745922193377634,300,200,800,1.0,0.6891069461220914,1.0,0.0,772,False,300,108371,157,0.0014466312840925844,0.7964724631848626,0,1.0,0.0,0.7964724631848626,0.7964724631848626,0.0,0,0.1,0.2604056230640861,0.11868529081577918,0.9157349717230229,0.0483824542777955,High_Coop,Survived,Rare,Fast,Simple
6,2,0.0006053120791865041,3,1.1012095274250278,1.3715559405572813,10,0.24191551017983498,1.7879812966242845,0.09245514289712405,1.5076116787902976,0.10875156226818986,0.14195302153539446,0.04525180575962819,0.07116927672364502,300,200,800,0.30838709677419357,0.21957817852043848,0.30838709677419357,0.6916129032258065,775,False,300,374612,4077,0.010766090380232856,0.7011946827144077,0,0.3335906910053494,0.6664093089946507,0.6825867513347571,0.7198026140940582,-0.03721586275930111,30,0.5,0.13938645319593004,0.0241915510179835,1.305296389079241,0.04990351841125015,Medium_Coop,Survived,Frequent,Moderate,Complex
7,2,0.08206786584603885,3,1.0944161647254766,1.4811349843204922,15,0.26553720334908876,1.7543317369951987,0.15679341317290116,1.2578054821710478,0.34432446946959355,0.00013075432827857613,0.039050716553023015,0.03229172839743456,300,200,800,0.9267643142476698,0.18920298023625776,0.9267643142476698,0.07323568575233022,751,False,300,366875,4653,0.012523955125858617,0.5829006051823418,0,0.3985065467813048,0.6014934532186952,0.6095843696218859,0.5562168407427978,0.05336752887908813,20,0.5,0.19721561465718526,0.017702480223272584,0.00037974160965090144,0.018822868025248417,High_Coop,Survived,Frequent,Moderate,Complex
8,10,0.07539531967116453,2,1.0003464018500623,1.23180982463633,15,0.1778120210744885,2.2890907032715724,0.07805393789341333,1.4779552553151016,0.35152903977495575,0.11494896874459451,0.03328775590879103,0.08439959124243167,300,200,800,0.9895287958115183,0.5946323494981972,0.9895287958115183,0.010471204188481676,573,False,300,124080,491,0.003941527321768308,0.6879619580994301,0,0.5376274017075341,0.4623725982924659,0.694020842348733,0.6819030738501273,0.012117768498605686,20,0.1,0.11536022770760879,0.011854134738299235,0.3269970777327054,0.0580637080539348,High_Coop,Survived,Rare,Moderate,Moderate
9,5,0.6270911917710655,2,1.1947457751102226,1.2466957248896966,10,0.12426609023525324,2.2628913574183858,0.12466476821282209,1.319546236673075,0.3776291960163537,0.14915363239710175,0.02678337312328704,0.07125823060196346,300,200,800,0.8433420365535248,0.43856910446778696,0.8433420365535248,0.1566579634464752,383,False,300,161356,2472,0.015088995776057816,0.6018882673060073,0,0.8158154581103828,0.18418454188961716,0.6207624068038746,0.58301412780814,0.03774827899573463,30,0.2,0.16450092574095057,0.012426609023525324,0.39497378372895314,0.04288949294830769,High_Coop,Survived,Occasional,Moderate,Moderate
10,5,0.0,1,0.8007617708289738,1.3902237068612202,0,0.10886838685759521,1.791327665329141,0.07497121665253884,1.7097138935588445,0.2355757133126326,0.0490626566906446,0.03961724136189032,0.0005381945285222733,300,200,800,0.9866310160427807,0.7157979056223657,0.9866310160427807,0.013368983957219251,748,False,300,92760,422,0.004528771651177266,0.6645196765866792,0,1.0,0.0,0.6645196765866792,0.6645196765866792,0.0,0,0.2,0.12817933072785587,0.10886838685759521,0.2082670407773892,0.0003576408540343414,High_Coop,Survived,Occasional,Moderate,Simple
11,2,0.0,1,1.0540247207804192,1.1197666191648534,0,0.2968406111094484,1.5949337227378229,0.15463668054096708,1.632060857700344,0.15462151303604316,0.1439972577353752,0.04155150333344699,0.008209480544223602,300,200,800,0.631917631917632,0.21993007700977976,0.631917631917632,0.3680823680823681,777,False,300,330458,4925,0.014684703756600663,0.5306724180938651,0,1.0,0.0,0.5306724180938651,0.5306724180938651,0.0,0,0.5,0.2523764734756248,0.2968406111094484,0.9312886344722847,0.004356544891697679,Medium_Coop,Survived,Frequent,Fast,Simple
12,10,0.4346275667383494,2,0.8526370821719591,1.449046229303878,15,0.27516203117529053,2.444921218448159,0.12141879486588354,1.366287721709954,0.11356798803803918,0.06247067549536314,0.0486047098809024,0.04512865384792089,300,200,800,0.9899244332493703,0.5351288632824281,0.9899244332493703,0.010075566750629723,794,False,300,189984,533,0.0027976506033582306,0.7867232372006323,0,0.7166669744366271,0.2833330255633729,0.7863008904120814,0.7871455839891831,-0.0008446935771017072,20,0.1,0.1658930086100763,0.018344135411686037,0.5500729261351255,0.03550376064574309,High_Coop,Survived,Rare,Moderate,Moderate
13,10,0.08481101517704764,2,1.1177314793999191,1.330260392125486,25,0.21739674274178006,1.7367599269045524,0.12042916466596384,1.3646722365575956,0.26334130047462323,0.098666892647637,0.031052293813733586,0.017216768443556463,300,200,800,0.9886578449905482,0.556906718937884,0.9886578449905482,0.011342155009451797,529,False,300,137041,184,0.001340863545272363,0.6722919580877618,0,0.5452939432374112,0.45470605676258874,0.7374840782605648,0.6070998379149588,0.13038424034560603,12,0.1,0.16434633749146385,0.008695869709671202,0.37467306673813966,0.01157469496886216,High_Coop,Survived,Rare,Moderate,Moderate
14,5,0.6359935254677597,2,1.1431244017839024,1.4478651708993449,15,0.17426161717534294,1.7121555840103257,0.13580964723839928,1.74526360891939,0.12389252798295981,0.03741669737879413,0.02422897247807268,0.07042855373788652,300,200,800,0.9836065573770492,0.5523403057874496,0.9836065573770492,0.01639344262295082,305,False,300,114295,470,0.004095325229817453,0.6624577506061486,0,0.8150527884605363,0.18494721153946367,0.7512176324847517,0.5736978687275457,0.17751976375720602,20,0.2,0.237023635065358,0.011617441145022863,0.30200931394297176,0.04665594128764457,High_Coop,Survived,Occasional,Fast,Moderate
15,5,0.12118780944348827,3,1.0115790632515567,1.3415363361818513,10,0.21699356533548586,1.6972866941412628,0.13413439860070087,1.4604682357462841,0.38828302721847285,0.1399090843896492,0.0435329233319683,0.06347878001364535,300,200,800,0.9056122448979592,0.40940123328842365,0.9056122448979592,0.09438775510204081,784,False,300,242069,1739,0.007132661766636041,0.7381750053865523,0,0.4120601875842056,0.5879398124157944,0.7689105331315587,0.7074394776415461,0.06147105549001253,30,0.2,0.19589902847725443,0.021699356533548587,0.3603275821554966,0.046858448778504425,High_Coop,Survived,Occasional,Moderate,Complex
16,2,0.0,1,0.8202574106058211,1.115864557558049,0,0.21566941371605147,2.4286493107076232,0.07360881188458673,1.8460950067284791,0.3180772206006679,0.07902253103238413,0.041414466250924,0.0657007067029832,300,200,800,0.89453125,0.2934909586932951,0.89453125,0.10546875,768,False,300,285904,4983,0.017130363336965902,0.49926205489479974,0,1.0,0.0,0.49926205489479974,0.49926205489479974,0.0,0,0.5,0.1358888600713515,0.21566941371605147,0.2484381964956663,0.032801869836571934,High_Coop,Survived,Frequent,Moderate,Simple
17,2,0.3997020217686954,3,1.0901316755548212,1.3933063428952712,10,0.20295178620624538,2.44559284710312,0.05320960139128996,1.9010931969125937,0.27461759246823,0.07864408670592367,0.024083324722852604,0.04592552020736207,300,200,800,0.5137931034482759,0.2784653604469475,0.5137931034482759,0.4862068965517241,290,False,300,183681,2527,0.013570845506100705,0.6409784096691077,0,0.5969941208871503,0.40300587911284974,0.5682771457180507,0.7136796736201647,-0.14540252790211405,30,0.5,0.10115641121541223,0.02029517862062454,0.28637672480877885,0.02943726690574141,Medium_Coop,Survived,Frequent,Moderate,Complex
18,10,0.5150168648701668,2,1.1748088853878906,1.1265676717734536,15,0.2545193092830657,2.3484499646079846,0.10707053280309221,1.7158453766444488,0.2686627281119355,0.060522174297079394,0.04482676116509955,0.04661677594083394,300,200,800,0.9848293299620733,0.6216249759536324,0.9848293299620733,0.015170670037926675,791,False,300,147701,401,0.002707593415348881,0.7878927566969582,0,0.7551428199097718,0.24485718009022817,0.7992771135020046,0.776508399891912,0.022768713610092584,20,0.1,0.18371647868504357,0.016967953952204382,0.2252719412268585,0.03672902010434809,High_Coop,Survived,Rare,Moderate,Moderate
19,20,0.5660409435766239,3,1.0712308980817733,1.4077004864102394,10,0.1175189526696465,1.9378317018056266,0.18887197741233547,1.3924212902895003,0.14118994166310686,0.05756355843099295,0.042328132814435496,0.06052907955924816,300,200,800,0.9921976592977894,0.6268169874574472,0.9921976592977894,0.007802340702210663,769,False,300,141873,44,0.0003100403757125644,0.7450563770642245,0,0.7104501857436867,0.2895498142563133,0.833056331441136,0.6570564226873128,0.1759999087538232,30,0.05,0.2629893624880135,0.01175189526696465,0.4077029691558715,0.04509757672344564,High_Coop,Survived,Rare,Fast,Complex
20,5,0.7465228659514715,2,0.8223451641665445,1.1710871849919229,20,0.26755289596457565,2.043578856986363,0.15533370595211854,1.4884968323036125,0.21801863652599504,0.034933101622028825,0.034415155543237666,0.0802729282111982,300,200,800,0.8794326241134752,0.522876665638745,0.8794326241134752,0.12056737588652482,564,False,300,152095,1550,0.010088190308828794,0.6390251857112502,0,0.873212633697434,0.126787366302566,0.6555084109231607,0.6225419604993397,0.03296645042382096,15,0.2,0.23121372925970923,0.013377644798228783,0.1602298875851544,0.05129642285774679,High_Coop,Survived,Occasional,Fast,Moderate
21,10,0.6798145396270459,3,1.0249453583976271,1.4276711992605973,25,0.25829067473055606,1.6779890193415217,0.06452731230078265,1.3988379246423712,0.11757236921431705,0.133763069589556,0.03694224851910281,0.08711755971945055,300,200,800,0.993234100135318,0.7222083572223533,0.993234100135318,0.006765899864682003,739,False,300,98236,27,0.00027477280359850605,0.6611845479496186,0,0.7825064921925061,0.21749350780749385,0.6828200702432768,0.6395490256559604,0.043271044587316454,12,0.1,0.09026325162157696,0.010331626989222242,1.1377083789621156,0.05760078434157881,High_Coop,Survived,Rare,Slow,Complex
22,5,0.0,1,0.9614329919615225,1.4958061956823698,0,0.2653801595414207,1.6924496176023827,0.07721851382827641,1.3120204450635264,0.35887406238514297,0.05782614805627181,0.031694746839570395,0.08263719620500733,300,200,800,0.9980237154150198,0.5943419970803899,0.9980237154150198,0.001976284584980237,506,False,300,117804,2016,0.016825237856785177,0.5783822050402915,0,1.0,0.0,0.5783822050402915,0.5783822050402915,0.0,0,0.2,0.10131226888011928,0.2653801595414207,0.16113214666991701,0.047795883759399346,High_Coop,Survived,Occasional,Moderate,Simple
23,5,0.7305717537900543,3,1.1893115727425614,1.2338690669903387,10,0.11624148135133795,1.6052806810166818,0.13934119961735814,1.6318810609156407,0.16942765805932153,0.064247103843475,0.04446396097328266,0.008704441994215563,300,200,800,0.8404669260700389,0.4395150705200105,0.8404669260700389,0.15953307392996108,771,False,300,254118,2125,0.008292909464843918,0.6261051368959056,0,0.8179098155263347,0.18209018447366537,0.6966754380497412,0.55553483574207,0.14114060230767123,30,0.2,0.22738826466083245,0.011624148135133796,0.3792008021558099,0.005449895846390804,High_Coop,Survived,Occasional,Fast,Complex
24,5,0.487832802615059,2,0.8846226011647224,1.2772181553042072,25,0.09379953777533144,2.2751617918283022,0.10346432708845746,1.2862294096703586,0.3678359468059843,0.11689772686246838,0.031212606377174674,0.023898671170837205,300,200,800,0.9777327935222672,0.5379240926046539,0.9777327935222672,0.022267206477732792,494,False,300,140269,1710,0.012044034681185246,0.5796942781816592,0,0.7418607208411223,0.2581392791588777,0.6388526261837613,0.5205359301795571,0.11831669600420414,12,0.2,0.13307886035292754,0.0037519815110132575,0.31779854002177305,0.013853922933879301,High_Coop,Survived,Occasional,Moderate,Moderate
25,5,0.5644068141785227,3,0.9804132822306323,1.3453305749358422,10,0.25247071565337426,2.4426089906166615,0.10972537876672427,1.4764278331363514,0.13011605965533993,0.008293298500854274,0.045770441809175964,0.06353108868130929,300,200,800,0.9230769230769231,0.527830889477424,0.9230769230769231,0.07692307692307693,793,False,300,186933,633,0.0033748120661527144,0.7780762079488199,0,0.7054195465409211,0.29458045345907885,0.7616992667517138,0.794453149145926,-0.032753882394212175,30,0.2,0.16200160321262014,0.025247071565337426,0.06373770096344844,0.04943202856801333,High_Coop,Survived,Occasional,Moderate,Complex
26,5,0.5800045432810337,3,1.0313432502647146,1.1811845209348224,25,0.13043873594566913,1.7068710434382002,0.18910779747423773,1.3110710078659702,0.2634125031184119,0.12350297824515946,0.020828615188085133,0.09707500634741309,300,200,800,0.9112903225806451,0.6192069077272095,0.9112903225806451,0.08870967741935484,248,False,300,86639,252,0.0029001852896157255,0.6257434204413759,0,0.7158606879948146,0.28413931200518544,0.7326005855071264,0.5188862553756255,0.21371433013150087,12,0.2,0.24793375062986264,0.0052175494378267654,0.46885769195868854,0.06074404651119854,High_Coop,Survived,Occasional,Fast,Complex
27,10,0.1865908052135608,3,1.0721136640773592,1.1595630186264465,10,0.22412220497102298,2.103973636784275,0.10283111917646741,1.9609836205461368,0.27498390180263094,0.14240621173382134,0.02443608729384419,0.03181436860095051,300,200,800,0.972972972972973,0.6077980945739455,0.972972972972973,0.02702702702702703,296,False,300,92340,361,0.0038942406230784996,0.7426812065085044,0,0.4587072227748664,0.5412927772251336,0.7674812296982735,0.7178811833187355,0.049600046379537965,30,0.1,0.20165014038748033,0.022412220497102297,0.5178710855446115,0.023627933656860202,High_Coop,Survived,Rare,Fast,Complex
28,5,0.4734895625142569,3,0.9406105953663305,1.2307688691315222,25,0.14223687728914625,2.3703027471145766,0.10667287137386905,1.2939905643488652,0.11298850593937053,0.10106802465511153,0.020736041217750554,0.03953278711969144,300,200,800,0.967741935483871,0.5220332752262028,0.967741935483871,0.03225806451612903,217,False,300,108008,590,0.0054328809002007405,0.6303139979964397,0,0.6449179977943008,0.35508200220569924,0.6920218970075315,0.568606098985348,0.1234157980221835,12,0.2,0.13803368902978672,0.00568947509156585,0.8944982838284851,0.024918069101354866,High_Coop,Survived,Occasional,Moderate,Complex
29,20,0.15960828829348828,3,0.9754809137888137,1.3241341019274577,15,0.15389893049658454,1.6721003845682647,0.0836305642286983,1.7304194151956889,0.1521659901656871,0.10777568012852756,0.03469933118746976,0.03503936577866359,300,200,800,0.9833610648918469,0.5709048835977187,0.9833610648918469,0.016638935108153077,601,False,300,135411,58,0.0004281422318021097,0.6674461969956368,0,0.43904073300713686,0.5609592669928631,0.7144143275802892,0.6204780664109844,0.09393626116930487,20,0.05,0.14471595204510962,0.010259928699772302,0.7082770598816147,0.023386891434108072,High_Coop,Survived,Rare,Moderate,Complex
30,5,0.2240835436803418,3,0.8456567475635884,1.1592697047283176,20,0.14778411029577032,1.6951549434575615,0.08332760041122322,1.670695828199627,0.17425098764589864,0.09928998532569232,0.031912466846424806,0.09722681904889614,300,200,800,0.8760907504363001,0.5362142000146913,0.8760907504363001,0.12390924956369982,573,False,300,140621,558,0.003952429185643757,0.6262387891259922,0,0.48101958031684366,0.5189804196831563,0.6810379211067633,0.5714396571452209,0.10959826396154237,15,0.2,0.13921507438091615,0.007389205514788516,0.5698101724821375,0.06088720543175267,High_Coop,Survived,Occasional,Moderate,Complex
31,5,0.28053535847655076,3,0.9666067001812073,1.2859199837291313,20,0.09390304620067609,2.152046828144112,0.1563521363902011,1.4591623580882698,0.2328116554165178,0.023401140140309567,0.04171714116384738,0.0660045273939803,300,200,800,0.9056122448979592,0.4971837651560094,0.9056122448979592,0.09438775510204081,784,False,300,194723,672,0.003439187287289849,0.6650832080186511,0,0.5201635749185125,0.4798364250814875,0.7708490258014942,0.5593173902358081,0.2115316355656861,15,0.2,0.2281431520272646,0.004695152310033804,0.10051532900465461,0.04389850282294335,High_Coop,Survived,Occasional,Fast,Complex
32,10,0.5771850656269295,2,0.9977069798246345,1.307398863615725,25,0.058803431412079374,1.9346389621567677,0.07888900213672798,1.5582711101797868,0.21889864590718655,0.04725477318223442,0.025306939177823527,0.06379777998067365,300,200,800,1.0,0.7615850772681442,1.0,0.0,371,False,300,53190,0,0.0,0.6153448524328449,0,0.789009609646686,0.210990390353314,0.7104082444802261,0.5202814603854637,0.19012678409476236,12,0.1,0.12293045294057468,0.0023521372564831748,0.21587512789946878,0.039257635507750736,High_Coop,Survived,Rare,Moderate,Moderate
33,10,0.5324981169762644,3,0.8996052020942559,1.162275978150826,10,0.15406662258797,1.7850958250319682,0.10161138671616005,1.8324812606373846,0.33814621124191463,0.01782007401211379,0.03615168723131823,0.0008485847755517195,300,200,800,0.9895366218236173,0.6600987022482179,0.9895366218236173,0.01046337817638266,669,False,300,110971,304,0.002731970343742979,0.7207481545370525,0,0.6861305063059769,0.313869493694023,0.7711240158391126,0.6703722932349925,0.10075172260412013,30,0.1,0.18620096202474176,0.015406662258797,0.052699315916229665,0.0006116159109471408,High_Coop,Survived,Rare,Moderate,Complex
34,10,0.0,1,0.8741502064342789,1.2608283281524264,0,0.2901965027154057,2.2923472675828336,0.09764351710857186,1.3107516775974697,0.17640722658309155,0.10276023784992686,0.03223943527093901,0.07138836442528945,300,200,800,0.9981785063752276,0.607930464484085,0.9981785063752276,0.0018214936247723133,549,False,300,129344,435,0.003351851994544572,0.6500399083478765,0,1.0,0.0,0.6500399083478765,0.6500399083478765,0.0,0,0.1,0.1279864038565778,0.2901965027154057,0.5825171669003287,0.04640528586811996,High_Coop,Survived,Rare,Moderate,Simple
35,2,0.5943437139798124,2,1.1011398172530051,1.30861858378931,25,0.21071097696586394,1.9982624236886068,0.05376413454223691,1.6418391148130305,0.2951816189245018,0.06331341815482239,0.023402812229938463,0.0975398182830476,300,200,800,0.624633431085044,0.3605910241472136,0.624633431085044,0.375366568914956,341,False,300,174058,2793,0.015792955651932984,0.5503958731249575,0,0.7928552774317972,0.20714472256820282,0.5211394037550267,0.5796523424948884,-0.05851293873986174,12,0.5,0.08827205906551493,0.008428439078634558,0.2144897042895343,0.053685513448347676,Medium_Coop,Survived,Frequent,Slow,Moderate
36,10,0.0,1,0.8849773388847737,1.3256309937998907,0,0.15906081166583813,2.4458093393996507,0.15757714961392094,1.5988132571460207,0.32545655484299707,0.10045615338787976,0.03166065191970959,0.03871025986149044,300,200,800,0.9946714031971581,0.7402865517158761,0.9946714031971581,0.0053285968028419185,563,False,300,71365,105,0.0014691478942213516,0.7844852389655617,0,1.0,0.0,0.7844852389655617,0.7844852389655617,0.0,0,0.1,0.25193643582601877,0.15906081166583813,0.30866225274319836,0.030367627457860317,High_Coop,Survived,Rare,Fast,Simple
37,2,0.4735325440830425,2,0.988887892236946,1.39035473091162,25,0.1284477097604736,1.9723524198420619,0.13748508008365157,1.9530112028985025,0.21161460965493442,0.008801406465887134,0.045918296426102026,0.0688873709781989,300,200,800,0.6455696202531646,0.23899000493583417,0.6455696202531646,0.35443037974683544,790,False,300,358990,4847,0.013321899641872597,0.5277479891687202,0,0.7358557502467917,0.26414424975320827,0.5969792843709004,0.45851669396654,0.13846259040436043,12,0.5,0.2685099016347693,0.005137908390418944,0.041591676870699,0.036355171512864125,Medium_Coop,Survived,Frequent,Fast,Moderate
38,20,0.730338978684474,2,0.852150328735485,1.1235207169323695,15,0.08471070290665271,2.4352750877293197,0.07996663896984064,1.9872173990323776,0.29698320550120094,0.031288767398673395,0.04104945797254661,0.036825053395577935,300,200,800,0.9885350318471338,0.6905424974935948,0.9885350318471338,0.011464968152866241,785,False,300,111359,197,0.0017659292194055003,0.6640525260944979,0,0.8650636594172034,0.13493634058279655,0.7288987932522076,0.5992062589367882,0.12969253431541938,20,0.05,0.1589110963030079,0.0056473801937768475,0.10535534272340147,0.024453769730898297,High_Coop,Survived,Rare,Moderate,Moderate
39,5,0.0,1,1.1621374030682337,1.4963618173676543,0,0.1084724808970645,2.39339333905309,0.09987404212554674,1.3218588311853843,0.382149726094683,0.05383910693068555,0.030065512454724122,0.05627441347351168,300,200,800,0.8480176211453745,0.5350579391335978,0.8480176211453745,0.15198237885462554,454,False,300,141782,1674,0.011669083203212135,0.5773102930035068,0,1.0,0.0,0.5773102930035068,0.5773102930035068,0.0,0,0.2,0.13201938458983503,0.1084724808970645,0.1408848502415154,0.03248779813099351,High_Coop,Survived,Occasional,Moderate,Simple
40,5,0.7249343387397466,2,0.9999593561484124,1.1139906058406122,25,0.24944089610953818,1.9003667479439346,0.08276456111544922,1.2775385959615295,0.1654230563191175,0.06379146923959705,0.04765901919167802,0.008968818237124322,300,200,800,0.9949558638083228,0.6504718413274758,0.9949558638083228,0.005044136191677175,793,False,300,134277,574,0.0042565498216550115,0.677917035912124,0,0.8606906294728884,0.1393093705271115,0.6817110185252485,0.6741230532989995,0.007587965226249049,12,0.2,0.1057349212028032,0.009977635844381527,0.3856262280424621,0.006080114674945922,High_Coop,Survived,Occasional,Moderate,Moderate
41,10,0.7450640587704926,3,0.8341410577308201,1.1823739451638828,25,0.050703747843635474,1.8622390272115568,0.1437565474760798,1.2471789479103896,0.26147855812804777,0.07849221186962926,0.047300910922454475,0.07897751710721834,300,200,800,1.0,0.7011461928753693,1.0,0.0,790,False,300,120376,54,0.0004483932574939799,0.6606919274453988,0,0.8277099232121818,0.17229007678781816,0.7800620065362073,0.5413218483545903,0.23874015818161698,12,0.1,0.1792901396364472,0.002028149913745419,0.3001860360236158,0.052179808002420044,High_Coop,Survived,Rare,Moderate,Complex
42,2,0.0,1,0.9249208252708636,1.1201307105030347,0,0.21744477120861833,2.0174808670169346,0.08014162645206613,1.8063999223049991,0.26928613955016845,0.028338852919209505,0.03199745465144732,0.06663414903412511,300,200,800,0.7481060606060606,0.4121504212976624,0.7481060606060606,0.2518939393939394,528,False,300,193651,2636,0.013429315237381997,0.5543267368361285,0,1.0,0.0,0.5543267368361285,0.5543267368361285,0.0,0,0.5,0.1447678277964085,0.21744477120861833,0.10523695340038075,0.036937090395938836,High_Coop,Survived,Frequent,Moderate,Simple
43,20,0.19673926030095226,3,1.1535948936155374,1.3531718884489143,20,0.23375668877857048,1.8175505777258496,0.1965692899606437,1.3039586184203984,0.372580566955785,0.008850055580389081,0.021439030270485254,0.028196677014542305,300,200,800,0.9801587301587301,0.5978894197329563,0.9801587301587301,0.01984126984126984,252,False,300,89491,21,0.00023460541603360444,0.7042311969771815,0,0.47462400656777004,0.52537599343223,0.8059912288613592,0.6024711650930039,0.2035200637683553,15,0.05,0.25631821976095964,0.011687834438928523,0.02375340091594025,0.019856979604730107,High_Coop,Survived,Rare,Fast,Complex
44,20,0.0,1,1.043883688865665,1.1213041714580738,0,0.15346197980977222,1.701708025831055,0.09462315686588471,1.8409547166995985,0.10606525097156982,0.09076132890828072,0.02119019687569426,0.0969543269475644,300,200,800,0.9725490196078431,0.7903195131228604,0.9725490196078431,0.027450980392156862,255,False,300,40736,1,2.4547708471414192e-05,0.7276982606042149,0,1.0,0.0,0.7276982606042149,0.7276982606042149,0.0,0,0.05,0.17419694694125645,0.15346197980977222,0.8557121967552669,0.07055349507779497,High_Coop,Survived,Rare,Moderate,Simple
45,20,0.0,1,1.1073981923343574,1.2384096805847231,0,0.09854145895464957,2.104103571360317,0.07085922547580295,1.2406400382891218,0.3940219379967863,0.10987363783396172,0.0253275026506027,0.0014740239173705373,300,200,800,0.9662576687116564,0.816972689399784,0.9662576687116564,0.03374233128834356,326,False,300,37892,144,0.003785887054369545,0.6284620874375244,0,1.0,0.0,0.6284620874375244,0.6284620874375244,0.0,0,0.05,0.0879107922074377,0.09854145895464957,0.2788515745914073,0.0009263681480435248,High_Coop,Survived,Rare,Slow,Simple
46,20,0.2511172814779227,2,1.031954727909512,1.2552690555154171,10,0.21661997477976463,2.365632568720804,0.061195752551156266,1.7670780503460768,0.39609090356490395,0.0971329836712018,0.034880211150623563,0.002497824392871284,300,200,800,0.9981132075471698,0.6907749965616834,0.9981132075471698,0.0018867924528301887,530,False,300,82173,193,0.0023431998640215624,0.7545906061900147,0,0.6249699147297483,0.37503008527025167,0.7341729899252256,0.7750082224548037,-0.0408352325295781,30,0.05,0.10813767110755818,0.021661997477976463,0.24522901888678558,0.0018848348227729478,High_Coop,Survived,Rare,Moderate,Moderate
47,2,0.0,1,1.0125040286279074,1.2329275766252523,0,0.16484997875057933,1.7581388060796272,0.08104274334652636,1.4775797531284733,0.2974925222817141,0.10783775642606115,0.04327600772308211,0.00864581571612586,300,200,800,0.3390052356020942,0.2756751542046777,0.3390052356020942,0.6609947643979057,764,False,300,334519,5465,0.016074285848745824,0.5323283370768167,0,1.0,0.0,0.5323283370768167,0.5323283370768167,0.0,0,0.5,0.11974711670681465,0.16484997875057933,0.3624889647610803,0.004602412702837886,Medium_Coop,Survived,Frequent,Moderate,Simple
48,5,0.35269716317978644,2,1.1609505214271245,1.1382419528983598,20,0.14844100975894642,1.8661527433628433,0.16584383671126637,1.4607353277653885,0.3894187490347676,0.09259062310319519,0.044651908747281074,0.07706019948722728,300,200,800,0.9486166007905138,0.46711836755341685,0.9486166007905138,0.05138339920948617,759,False,300,220474,2049,0.009208036922026038,0.6683520121684641,0,0.673501198282567,0.32649880171743295,0.7621920566400577,0.5745119676968704,0.18768008894318733,15,0.2,0.24225395117630125,0.007422050487947321,0.2377662178123032,0.051503339385391596,High_Coop,Survived,Occasional,Fast,Moderate
49,5,0.10015427781923858,3,1.1763208394746931,1.365207678338264,15,0.2920215137643723,2.397658401034599,0.1602578104348184,1.8263726239234088,0.16342221450149128,0.02526114965614958,0.03588299463655784,0.001400367122885915,300,200,800,0.8231197771587744,0.3955258097408419,0.8231197771587744,0.17688022284122562,718,False,300,233070,1224,0.00522420548541576,0.7261464545674658,0,0.4015856070404511,0.5984143929595489,0.7824233578107779,0.6698695513241538,0.11255380648662405,20,0.2,0.2926904777480595,0.01946810091762482,0.15457598425775257,0.00101687162137645,High_Coop,Survived,Occasional,Fast,Complex
50,20,0.3411640338312976,3,1.0978884377503961,1.1625455535284737,10,0.22195241656185172,1.9897463427803994,0.11687802286446405,1.2454097875986008,0.3099326254789123,0.014640695661865398,0.03559428752861882,0.06558268142614981,300,200,800,1.0,0.6507804615232848,1.0,0.0,643,False,300,108595,0,0.0,0.7566739500994981,0,0.5681813007944999,0.43181869920550003,0.769412445423828,0.7439354547751681,0.025476990648659936,30,0.05,0.14556103363057657,0.022195241656185173,0.04723831716406876,0.04962470661284177,High_Coop,Survived,Rare,Moderate,Complex
51,2,0.0,1,0.9750059423928208,1.25709853436346,0,0.19263552216340873,1.519852359147905,0.08116568754574197,1.8193967798350599,0.1889638919558902,0.13990449183560794,0.04586049800620365,0.025723384668478455,300,200,800,0.49874371859296485,0.29817445552495087,0.49874371859296485,0.5012562814070352,796,False,300,300047,4355,0.014306739114723294,0.4951719444715378,0,1.0,0.0,0.4951719444715378,0.4951719444715378,0.0,0,0.5,0.14767259055382156,0.19263552216340873,0.7403768539455454,0.01273749840467982,Medium_Coop,Survived,Frequent,Moderate,Simple
52,2,0.0,1,0.8920231476865548,1.1239291714422148,0,0.15149025469593058,1.7927400654747894,0.11799515892924187,1.873891878968568,0.20720684502141543,0.06850079693235812,0.0270288983403883,0.08974917641207457,300,200,800,0.5756756756756757,0.24534538986065818,0.5756756756756757,0.4243243243243243,370,False,300,219344,3061,0.013763179784627145,0.512473852381467,0,1.0,0.0,0.512473852381467,0.512473852381467,0.0,0,0.5,0.22111017007511183,0.15149025469593058,0.33059138044053693,0.04599410618395974,Medium_Coop,Survived,Frequent,Fast,Simple
53,10,0.13409624205803494,3,0.9627740339288074,1.1722953219044618,25,0.27952751074475224,2.1612212178670305,0.09023473984117966,1.59994348634403,0.2084121335269294,0.03234990807859563,0.022579436968874995,0.08385797028954062,300,200,800,0.7943548387096774,0.6235268152725668,0.7943548387096774,0.2056451612903226,248,False,300,82694,96,0.0011595603333735959,0.6793382357937632,0,0.4197307437651733,0.5802692562348267,0.7134181483517281,0.6452583232357983,0.06815982511592977,12,0.1,0.14437048425084353,0.01118110042979009,0.1552208478995088,0.05696792559374233,High_Coop,Survived,Rare,Moderate,Complex
54,2,0.25584929873406426,3,1.1340996713203186,1.2450934527688393,20,0.2364018989961617,2.174281925953496,0.05898696071684843,1.3664035204635132,0.24423272901587628,0.004504615300779074,0.03425743868439665,0.09106028990661377,300,200,800,0.5079365079365079,0.31539182559660145,0.5079365079365079,0.49206349206349204,630,False,300,254043,3672,0.014248297537977999,0.5874325108773386,0,0.5007218934016675,0.49927810659833244,0.5525123852513456,0.6223526365033315,-0.0698402512519859,15,0.5,0.08059999078494466,0.011820094949808086,0.01844394614485208,0.053491774741060504,Medium_Coop,Survived,Frequent,Slow,Complex
55,5,0.0,1,1.1180298438605418,1.4932985687057356,0,0.27426372950944344,2.015559177712986,0.12969976639697464,1.8514068817755662,0.3873134968890588,0.08575392567951112,0.031042969692335762,0.06115786344675749,300,200,800,0.9981515711645101,0.7469770327974592,0.9981515711645101,0.0018484288354898336,541,False,300,68471,35,0.0005109041543806382,0.7814309455377955,0,1.0,0.0,0.7814309455377955,0.7814309455377955,0.0,0,0.2,0.2401270400720422,0.27426372950944344,0.2214070161982356,0.047790647060271085,High_Coop,Survived,Occasional,Fast,Simple
56,20,0.0,1,0.8268731257350599,1.4570568349076083,0,0.17011377898490482,1.6187896403376687,0.08281667482541269,1.6679806936021648,0.3903293926893784,0.008173164605864258,0.04248727873636582,0.02091338599087397,300,200,800,1.0,0.7647423126327103,1.0,0.0,766,False,300,77007,45,0.0005840211805014795,0.689576875793428,0,1.0,0.0,0.689576875793428,0.689576875793428,0.0,0,0.05,0.1381366147171168,0.17011377898490482,0.02093914718938015,0.014421387373848916,High_Coop,Survived,Rare,Moderate,Simple
57,2,0.08897073426313247,3,1.1793683963318344,1.1305085435047368,10,0.178482623003815,2.2283549114681875,0.14369679075536707,1.9106325959845858,0.12760008214174215,0.06784857054232045,0.04389327894217142,0.0047798102658743735,300,200,800,0.9774535809018567,0.3079318319831518,0.9774535809018567,0.022546419098143235,754,False,300,299622,2937,0.009707197604434177,0.7094327956292565,0,0.39928873212140004,0.6007112678786,0.7685411595102817,0.6503244317482315,0.11821672776205017,30,0.5,0.2745517723555808,0.0178482623003815,0.5317282669689205,0.003390954159496677,High_Coop,Survived,Frequent,Fast,Complex
58,10,0.0,1,1.1085493022438806,1.311518907885669,0,0.08771514571283222,1.9313555904278163,0.1953834324051087,1.4236935080731972,0.14737661841302596,0.12262170199580869,0.02830164921033216,0.0917682954852364,300,200,800,0.9383259911894273,0.6946399297158746,0.9383259911894273,0.06167400881057269,454,False,300,78341,256,0.003257121773095665,0.750709343711685,0,1.0,0.0,0.750709343711685,0.750709343711685,0.0,0,0.1,0.2781661243002116,0.08771514571283222,0.8320295533729705,0.0688913168772618,High_Coop,Survived,Rare,Fast,Simple
59,5,0.628158228413764,2,1.143207794847154,1.1047081700254067,15,0.2932003042236389,2.4650131325249127,0.1517258425734274,1.8870757041706752,0.33351887955535253,0.13959516704179623,0.03814792376668796,0.03959939816915459,300,200,800,0.9441624365482234,0.42222290022509695,0.9441624365482234,0.05583756345177665,788,False,300,227948,3211,0.0138908716511146,0.6911572699635498,0,0.8130237572207306,0.18697624277926939,0.7169646670935849,0.6653498728335148,0.051614794260070096,20,0.2,0.2863181512151395,0.019546686948242593,0.4185525186097547,0.027369411930792474,High_Coop,Survived,Occasional,Fast,Moderate
60,2,0.2364075203966176,2,1.0782884263737667,1.2946061604568455,10,0.08558248412398388,2.21058766666596,0.06097577893117807,1.245173873988271,0.11997585352004647,0.001290351361518688,0.0314941439122447,0.020583274213751203,300,200,800,0.667458432304038,0.2466720718002866,0.667458432304038,0.332541567695962,421,False,300,227551,2853,0.012382597524348535,0.5414549817100971,0,0.6210828493853232,0.37891715061467685,0.5229752555332353,0.559934707886959,-0.036959452353723665,30,0.5,0.0759254468711874,0.008558248412398387,0.010755092159465957,0.011144916362940571,Medium_Coop,Survived,Frequent,Slow,Moderate
61,2,0.0,1,1.1220827398831015,1.1147519566439632,0,0.2779566017208626,1.7594423173533271,0.18706971065536193,1.2243057156230377,0.11828351156889552,0.14838174014237587,0.022381443878595954,0.03520727807841047,300,200,800,0.6770428015564203,0.36987156713927377,0.6770428015564203,0.3229571984435798,257,False,300,160514,1947,0.011984414721071519,0.517543066099318,0,1.0,0.0,0.517543066099318,0.517543066099318,0.0,0,0.5,0.2290305159753075,0.2779566017208626,1.2544583617298959,0.018221282645711857,Medium_Coop,Survived,Frequent,Fast,Simple
62,20,0.18424375894993822,3,0.9960212688551041,1.3969271153503484,15,0.20916890902542984,2.2237181967553896,0.060961943894509055,1.6428631671175822,0.12323545837532568,0.06808702482205996,0.034363447500221675,0.07650096901060094,300,200,800,0.9720394736842105,0.5839751514639596,0.9720394736842105,0.027960526315789474,608,False,300,129900,146,0.001122679667194685,0.6998736561442032,0,0.4560850501808353,0.5439149498191647,0.6914958160582557,0.7082514962301507,-0.016755680171894993,20,0.05,0.10015213222017749,0.013944593935028655,0.5524954077315495,0.053541012880023664,High_Coop,Survived,Rare,Moderate,Complex
63,10,0.0,1,1.1676830381537204,1.428725500762002,0,0.1171570461936965,1.6189765306035513,0.1881315922045717,1.2058840150596184,0.3276410045520668,0.04604269508172618,0.03773252234766048,0.07987662248852828,300,200,800,1.0,0.7327307096748246,1.0,0.0,728,False,300,86901,265,0.003040176215496868,0.7661877451809,0,1.0,0.0,0.7661877451809,0.7661877451809,0.0,0,0.1,0.22686487976720773,0.1171570461936965,0.14052787789694787,0.06120048927715146,High_Coop,Survived,Rare,Fast,Simple
64,2,0.6562629874630699,2,1.0978429163653836,1.49700478920709,20,0.21844208130112402,1.755197864566174,0.07023425449366147,1.8383908167578649,0.2536599839411955,0.08709034774008668,0.03991870643318765,0.08116056862590666,300,200,800,0.6033810143042913,0.21811457763920664,0.6033810143042913,0.3966189856957087,769,False,300,339668,4831,0.01402326276709076,0.5394962173905329,0,0.8261865716464546,0.17381342835354538,0.5098499156115838,0.5691425191694819,-0.059292603557898116,15,0.5,0.12911800848298205,0.010922104065056202,0.3433349887788226,0.043785819774941406,Medium_Coop,Survived,Frequent,Moderate,Moderate
65,20,0.0,1,1.0127936798349884,1.2915915364574861,0,0.05187642050917422,2.4479527162374337,0.05956547672649268,1.5877899877329995,0.2796972724972201,0.12224199374280782,0.02669734332769689,0.09864653627096631,300,200,800,1.0,0.7862921205172304,1.0,0.0,377,False,300,50817,126,0.002473352570519993,0.6433018926180508,0,1.0,0.0,0.6433018926180508,0.6433018926180508,0.0,0,0.05,0.09457746756086807,0.05187642050917422,0.43705107544094046,0.06345950348332782,High_Coop,Survived,Rare,Slow,Simple
66,5,0.35791280760049526,3,0.9389233784501642,1.4921388740192074,10,0.05157988322057837,2.065996545163375,0.17812783329469756,1.299531272063215,0.15245742222364878,0.03559684368557267,0.04351928330296119,0.008276914402566794,300,200,800,0.767879548306148,0.4922362253528402,0.767879548306148,0.23212045169385195,797,False,300,202201,786,0.003872169153689645,0.6340293329445548,0,0.5680113115452655,0.4319886884547344,0.7366850356670357,0.531373630222074,0.20531140544496174,30,0.2,0.23148268979132264,0.005157988322057837,0.2334871150671403,0.005247806517498603,High_Coop,Survived,Occasional,Fast,Complex
67,10,0.4003504650931362,3,0.82365355241359,1.1723137872148843,10,0.10572757244317978,2.2302482371864887,0.05700262922355229,1.5345041089299418,0.3927538870696936,0.11355405988965211,0.024338209002678742,0.06323543681492895,300,200,800,0.9057142857142857,0.6983237016341995,0.9057142857142857,0.09428571428571429,350,False,300,73478,308,0.004174233594448812,0.6646714681683138,0,0.6004391672088484,0.3995608327911516,0.6724629408997338,0.6568799954368938,0.015582945462840003,30,0.1,0.08747076876335097,0.010572757244317978,0.2891226888596067,0.04203079062804346,High_Coop,Survived,Rare,Slow,Complex
68,10,0.42496833418915597,3,0.8637085038604145,1.2756959108156822,25,0.27565654235604264,1.7354376090131907,0.16172172383955763,1.3728636497899278,0.3086014972747054,0.08595587944679188,0.030510046319150337,0.03737494385080138,300,200,800,0.8147540983606557,0.6149524366591755,0.8147540983606557,0.18524590163934426,610,False,300,121275,344,0.002828505414450045,0.6875754061093401,0,0.6146253424868393,0.38537465751316075,0.7614369532528805,0.6137138589657997,0.14772309428708086,12,0.1,0.22202187604069387,0.011026261694241707,0.27853357876056317,0.025698092196528542,High_Coop,Survived,Rare,Fast,Complex
69,2,0.29883445382925056,3,1.0313717572525154,1.492992193782615,10,0.21912645496424993,1.5804831894845486,0.10816778507503198,1.2035448938570013,0.3103371283612639,0.09989346009709921,0.02217442506780332,0.08783449302163854,300,200,800,0.9596412556053812,0.31012978158136034,0.9596412556053812,0.04035874439461883,223,False,300,174044,2067,0.01173691592234443,0.5885118293728139,0,0.5512954646979992,0.4487045353020008,0.5726911798103717,0.6043324789352561,-0.03164129912488445,30,0.5,0.13018478540687628,0.021912645496424993,0.32188691254761204,0.05169163817019815,High_Coop,Survived,Frequent,Moderate,Complex
70,10,0.0,1,1.1085401486184567,1.1263384876449944,0,0.15153365563904603,1.938882294112212,0.05488918973180652,1.4734270045537796,0.2608360662949504,0.08092166227735194,0.020046020265818337,0.052155261326967954,300,200,800,0.9906542056074766,0.83532989197739,0.9906542056074766,0.009345794392523364,214,False,300,28475,44,0.001542831095059434,0.6155944847412623,0,1.0,0.0,0.6155944847412623,0.6155944847412623,0.0,0,0.1,0.08087521440891976,0.15153365563904603,0.31023954404314114,0.032106491223120724,High_Coop,Survived,Rare,Slow,Simple
71,5,0.23454843726149008,2,1.0233884927782653,1.2859007770637212,15,0.10257229811308892,1.523790214156304,0.14292151698563554,1.7635901203545379,0.30501377168217503,0.08197411779711856,0.04697082331356293,0.05103022158956691,300,200,800,0.9773299748110831,0.4410429923948471,0.9773299748110831,0.022670025188916875,794,False,300,236316,1870,0.007851007196056864,0.6711248393811227,0,0.616666149309328,0.38333385069067205,0.7827819254491462,0.5594677533130993,0.22331417213604687,20,0.2,0.2520549753419501,0.006838153207539261,0.2687554642042057,0.03424764926788119,High_Coop,Survived,Occasional,Fast,Moderate
72,2,0.5966499249719607,2,1.1641319604606293,1.2632967925210845,20,0.25900961614183754,2.156785084163805,0.16567095178452212,1.4735830938830194,0.21577792704268553,0.016168884780763258,0.03196592650329527,0.04140981156125978,300,200,800,0.8912655971479501,0.22989577187807275,0.8912655971479501,0.10873440285204991,561,False,300,285197,3834,0.013265013095481108,0.5720414806550301,0,0.8020766961651917,0.19792330383480827,0.5987954475358598,0.5452875137742005,0.0535079337616593,15,0.5,0.24412991369718065,0.012950480807091876,0.07493298782856832,0.02368812991914883,High_Coop,Survived,Frequent,Fast,Moderate
73,2,0.6163991307440693,2,0.8604577566670941,1.1482649461374095,25,0.15706146960752576,2.3411864853923223,0.10453869501471912,1.3839596441198565,0.23944322138190602,0.02934592946237806,0.043373544447742565,0.08930563515473439,300,200,800,0.4987405541561713,0.2965072227184526,0.4987405541561713,0.5012594458438288,794,False,300,320306,4423,0.013620588244351443,0.5880741727064477,0,0.8072073182000185,0.19279268179998152,0.6107057008528906,0.5654426445600048,0.04526305629288574,12,0.5,0.14467733514932488,0.006282458784301031,0.12255903212884038,0.052518337511644274,Medium_Coop,Survived,Frequent,Moderate,Moderate
74,5,0.07211681522910106,2,0.881679108967543,1.213871367012261,10,0.0981886370004487,1.5560695837646559,0.1576661351840583,1.4945597270444237,0.3300206185907333,0.11040708966071487,0.02798043586501016,0.08923379640720068,300,200,800,0.9585253456221198,0.4663383026918822,0.9585253456221198,0.041474654377880185,434,False,300,160541,1225,0.007572666691393741,0.6614428047969679,0,0.5393773376178687,0.4606226623821314,0.7559025326365775,0.5669830769573584,0.18891945567921908,30,0.2,0.2356414559648354,0.00981886370004487,0.33454603573612907,0.05902305257826042,High_Coop,Survived,Occasional,Fast,Moderate
75,20,0.004906114926187755,2,0.8239865381209833,1.1901833947161684,20,0.2343911703081657,2.219544207991259,0.1503121152596531,1.7171219979200707,0.2858948846890994,0.11809052030069145,0.043922312670338914,0.046391480317404504,300,200,800,0.9974968710888611,0.5842082239720034,0.9974968710888611,0.0025031289111389237,799,False,300,156403,20,0.00012785843514061233,0.7776078720043966,0,0.5051193781936678,0.4948806218063322,0.8407882599191142,0.714427484089679,0.12636077582943517,15,0.05,0.25810423966624746,0.011719558515408285,0.41305573000758905,0.03607438028875077,High_Coop,Survived,Rare,Fast,Moderate
76,2,0.4806120973703083,2,1.1550236501226716,1.219680776207303,25,0.0880095639123092,1.661901146268286,0.0953484963070447,1.466659792417518,0.2177509347537323,0.1367498037806536,0.047294205773255674,0.007055787516485057,300,200,800,0.5201511335012594,0.3329979448535708,0.5201511335012594,0.47984886649874053,794,False,300,303880,3664,0.011913742423848295,0.5481166727017832,0,0.7409842683434051,0.2590157316565948,0.6166136496009765,0.47961969580258984,0.1369939537983867,12,0.5,0.13984380580101266,0.003520382556492368,0.6280101802332662,0.0038673947768265676,Medium_Coop,Survived,Frequent,Moderate,Moderate
77,20,0.4710268137579501,3,1.0066679030674823,1.2192099372719731,10,0.28680638863731817,1.5311460691630392,0.08116595100673155,1.5707941976894302,0.3667543273769912,0.053327862892537305,0.040887762156282585,0.02169005165071697,300,200,800,0.9958960328317373,0.6793725607147025,0.9958960328317373,0.004103967168262654,731,False,300,115090,14,0.00012162913539060328,0.775496743390419,0,0.6457866006249757,0.35421339937502433,0.7629496382474902,0.7880438485333476,-0.025094210285857455,30,0.05,0.1274950048913185,0.028680638863731817,0.1454048634516068,0.01682056441910099,High_Coop,Survived,Rare,Moderate,Complex
78,20,0.09746357590078816,3,0.9500142224581526,1.2748033177179803,10,0.0674383151129911,1.9682169021583733,0.10924027859511681,1.656766562374202,0.2149883954811669,0.04850043240858282,0.035533264748069664,0.09312228301849827,300,200,800,0.9883551673944687,0.5654154454606448,0.9883551673944687,0.011644832605531296,687,False,300,149446,27,0.00018063462966555832,0.6731140567486635,0,0.412186164765705,0.587813835234295,0.7461506813117682,0.6000774321855589,0.14607324912620934,30,0.05,0.1809856408408318,0.00674383151129911,0.22559558296173937,0.06268191769627855,High_Coop,Survived,Rare,Moderate,Complex
79,20,0.14405817034817633,2,0.964214124836573,1.4189110349726237,20,0.20719796703346338,2.0163379486861235,0.1036531297244578,1.9451065100068772,0.14972588473807547,0.1481028417316122,0.034548525093615216,0.08189249149023589,300,200,800,0.9862306368330465,0.621896865903587,0.9862306368330465,0.013769363166953529,581,False,300,114834,22,0.0001915441944695967,0.7192202376331536,0,0.5688073394495413,0.43119266055045874,0.7867802315981268,0.6516602436681802,0.13511998792994662,15,0.05,0.2016163774096302,0.010359898351673169,0.9891599037180341,0.05889873718997846,High_Coop,Survived,Rare,Fast,Moderate
80,10,0.2762513827179753,2,1.036089074516537,1.498776434256547,10,0.2701825996954569,1.5115137875200544,0.19073870807434845,1.8461670954890308,0.2908971722164415,0.10709560302548114,0.035662762132063,0.09356674503435067,300,200,800,0.975886524822695,0.6094330207094947,0.975886524822695,0.024113475177304965,705,False,300,128352,128,0.00099626400996264,0.7832079445707119,0,0.638967167158352,0.36103283284164794,0.8734079956564318,0.6930078934849919,0.18040010217143987,30,0.1,0.35213552668295,0.02701825996954569,0.36815621894666223,0.07328221805852565,High_Coop,Survived,Rare,Fast,Moderate
81,2,0.4690883657792423,2,0.8002904078818336,1.2171853816263567,20,0.15010671330572356,1.6302210850276029,0.0530614413371949,1.5625558205191554,0.24491846423471578,0.08156712895542677,0.03039616394060859,0.07596886806195748,300,200,800,0.47268408551068886,0.3845104044263918,0.47268408551068886,0.5273159144893111,421,False,300,181514,2604,0.014143103879034098,0.5615589933566216,0,0.7314001794983299,0.2685998205016701,0.5538671564782456,0.5692508302349977,-0.015383673756752092,15,0.5,0.08291146400656961,0.007505335665286178,0.33303789165220926,0.04266100107531484,Medium_Coop,Survived,Frequent,Slow,Moderate
82,5,0.0,1,0.9440063263480744,1.435888969618956,0,0.0887347127306898,1.663937044299134,0.17879302328032148,1.859732129067331,0.26334290792950266,0.12614499766749646,0.02755788439426079,0.018659695016862776,300,200,800,0.9880239520958084,0.7354365205285947,0.9880239520958084,0.011976047904191617,334,False,300,58841,223,0.0037755654882838953,0.7803561802939499,0,1.0,0.0,0.7803561802939499,0.7803561802939499,0.0,0,0.2,0.33250712984749714,0.0887347127306898,0.4790142201257445,0.014561208328809087,High_Coop,Survived,Occasional,Fast,Simple
83,5,0.25288777670592805,3,0.9700581624195568,1.3266470139751245,10,0.28066397593655623,1.573914200065332,0.1601626055762147,1.7170611738432884,0.39804433739764555,0.11392333062369077,0.04532454820867689,0.0007633979615382814,300,200,800,0.6649937264742786,0.4377579357426621,0.6649937264742786,0.33500627352572143,797,False,300,230789,1847,0.007939441874860297,0.7542453470957672,0,0.5032173667090934,0.4967826332909065,0.8045001682543911,0.7039905259371433,0.1005096423172478,30,0.2,0.27500899153649483,0.028066397593655625,0.2862076405068453,0.0005757893604726421,Medium_Coop,Survived,Occasional,Fast,Complex
84,2,0.10710435378810815,3,0.8550912115376597,1.32515679814367,10,0.22660372079995245,2.3214353568548223,0.08669074297466549,1.2022041379372974,0.17541478969597396,0.0018478777166870074,0.04012963718808639,0.05240498700229576,300,200,800,0.37244897959183676,0.1953267114683654,0.37244897959183676,0.6275510204081632,784,False,300,346508,4693,0.013362718215494831,0.6620936049349474,0,0.4076943142113826,0.5923056857886174,0.6014603747371483,0.7227268351327465,-0.12126646039559819,30,0.5,0.10421996992500154,0.022660372079995245,0.01053433248068603,0.034697006760919066,Medium_Coop,Survived,Frequent,Moderate,Complex
85,20,0.16728463659419585,3,0.8531495505696868,1.3360183458110426,10,0.06549585432305104,1.7851615349260337,0.07292784520383436,1.3309711880867536,0.18992337674170207,0.00048467253750162915,0.02049888846950321,0.05448325807826673,300,200,800,0.9904306220095693,0.6981013189952113,0.9904306220095693,0.009569377990430622,209,False,300,59376,10,0.0001683898561950628,0.6278532929430196,0,0.44260750591087483,0.5573924940891252,0.6802448404996494,0.5754617453863897,0.10478309511325967,30,0.05,0.09706486077555428,0.006549585432305103,0.002551937238146251,0.034207492994704145,High_Coop,Survived,Rare,Slow,Complex
86,2,0.40129505338227744,3,1.1881243174191765,1.4916036304438258,10,0.1640544984467267,1.9946999852640297,0.10229676569193884,1.5593142281462824,0.3818763144608197,0.14553882299832652,0.022691216387474976,0.008455591644462501,300,200,800,0.5752508361204013,0.2500885944094243,0.5752508361204013,0.42474916387959866,299,False,300,205367,3295,0.015791087979603376,0.5441129169586043,0,0.5981357588513869,0.4018642411486131,0.516038890894989,0.5721869430222195,-0.05614805212723051,30,0.5,0.1595128022367867,0.01640544984467267,0.3811150822585482,0.004600796634279293,Medium_Coop,Survived,Frequent,Moderate,Complex
87,2,0.14653429835818121,2,1.1193041536296924,1.3092608308563147,25,0.15804004984240577,1.5667151879940189,0.19040861794453912,1.5813830491330094,0.24974396505899646,0.10847114957284212,0.041824269938001576,0.02508734016010832,300,200,800,0.7540777917189461,0.1673876294358493,0.7540777917189461,0.24592220828105396,797,False,300,394268,5302,0.013269264459293741,0.5309178757759383,0,0.572885800782882,0.427114199217118,0.6321475777630715,0.42968817378880503,0.20245940397426648,12,0.5,0.30110896082633754,0.006321601993696231,0.4343294123131993,0.013319317346673097,High_Coop,Survived,Frequent,Fast,Moderate
88,2,0.36982586094261993,2,1.1328333220916775,1.3726802929367907,10,0.23892671510114166,2.363802087464889,0.18698560605382075,1.264070058946363,0.13939291477866503,0.0732128280065026,0.02670055017159719,0.009137368279415593,300,200,800,0.64576802507837,0.3366125801687337,0.64576802507837,0.3542319749216301,319,False,300,183282,1940,0.010473917785144313,0.6355974381779108,0,0.6822991482388169,0.3177008517611832,0.6258965500850677,0.6452983262707538,-0.01940177618568606,30,0.5,0.2363629060665746,0.023892671510114167,0.5252263224623257,0.005807687870084656,Medium_Coop,Survived,Frequent,Fast,Moderate
89,10,0.39995174398824607,3,1.0783219094910959,1.281672054014861,15,0.23674099778392982,1.758461081113179,0.06474617796349319,1.9847724939799014,0.3678760296692749,0.001994741767704067,0.03578644047240551,0.09305488287615349,300,200,800,0.8928,0.5639780748208335,0.8928,0.1072,625,False,300,140047,1066,0.007554229589052745,0.6729933208851724,0,0.6058840810520375,0.3941159189479625,0.6764650259023087,0.6695216158680359,0.00694341003427279,20,0.1,0.12850643311226892,0.01578273318559532,0.005422320583097965,0.0626253146514033,High_Coop,Survived,Rare,Moderate,Complex
90,5,0.7441592708101332,2,0.9490987603869007,1.1621736154854292,10,0.2647784108520167,1.5347620656117287,0.1009801580311509,1.9537712973418588,0.23325639948335042,0.07491806332402028,0.04175390136851002,0.04721617195397187,300,200,800,1.0,0.5427320981983361,1.0,0.0,762,False,300,185164,1611,0.008625351358586535,0.7677131762323213,0,0.8700109733067932,0.12998902669320675,0.7841984853828747,0.7512278670817677,0.032970618301107035,30,0.2,0.19729213436230764,0.02647784108520167,0.3211833136838239,0.03624847734031519,High_Coop,Survived,Occasional,Moderate,Moderate
91,2,0.0,1,0.8387728483869741,1.4712411085277601,0,0.18442669924475485,1.6079134229535812,0.067965303919298,1.444552665679221,0.3400265510451822,0.0899118323787708,0.03154189031012283,0.0015807234911582202,300,200,800,0.9475890985324947,0.42920546325517506,0.9475890985324947,0.05241090146750524,477,False,300,176605,2888,0.016089763946226316,0.5420676771144309,0,1.0,0.0,0.5420676771144309,0.5420676771144309,0.0,0,0.5,0.09817946095032033,0.18442669924475485,0.2644259164538697,0.0008568591110123501,High_Coop,Survived,Frequent,Slow,Simple
92,5,0.0,1,1.1816772828364408,1.1721850309318778,0,0.0828332578895034,2.3394512712597697,0.07983386024969016,1.6652573639052883,0.10733100711059872,0.08593954614254384,0.021388733708568912,0.00559506509568224,300,200,800,0.5672727272727273,0.7485445371628178,0.5672727272727273,0.43272727272727274,275,False,300,53757,79,0.001467419570547589,0.6348392269682922,0,1.0,0.0,0.6348392269682922,0.6348392269682922,0.0,0,0.2,0.13294392366978222,0.0828332578895034,0.800696354726159,0.003551966800180187,Medium_Coop,Survived,Occasional,Moderate,Simple
93,20,0.0,1,0.9663392181977967,1.3425834625458326,0,0.13322319603999794,1.6753522055169559,0.1922101300365417,1.9593923277153071,0.19779876385886486,0.09437447983301576,0.03860935031649368,0.07582556839915183,300,200,800,0.998730964467005,0.7456540315138257,0.998730964467005,0.0012690355329949238,788,False,300,80710,7,8.67227473766369e-05,0.8663895049143634,0,1.0,0.0,0.8663895049143634,0.8663895049143634,0.0,0,0.05,0.3766150541027613,0.13322319603999794,0.4771237089244637,0.06569447666519135,High_Coop,Survived,Rare,Fast,Simple
94,20,0.5887279904898082,3,0.9759306510636238,1.3179026969153982,25,0.16356708514635482,1.9589125032584742,0.07074765749423745,1.2403281078535369,0.34990422634186397,0.12198107313687195,0.023857654030058444,0.037761425601929,300,200,800,1.0,0.7813684221576058,1.0,0.0,315,False,300,47893,6,0.0001252635754399883,0.6636439449946845,0,0.7194031260825294,0.28059687391747057,0.7198992770128574,0.6073886129765117,0.11251066403634569,12,0.05,0.08775030815489764,0.006542683405854193,0.3486127458709053,0.02506014145508744,High_Coop,Survived,Rare,Slow,Complex
95,2,0.45953141977820533,2,0.8455848393893433,1.2523672629842173,15,0.26358086834240446,2.3164121512169435,0.10447664859840233,1.2165920084731507,0.16930069035584794,0.06526471776442412,0.04841227048255885,0.026362417376835645,300,200,800,0.5397225725094578,0.3017204170339524,0.5397225725094578,0.46027742749054223,793,False,300,321391,4407,0.013526786536442827,0.7011459165706276,0,0.7310374175506854,0.2689625824493146,0.6645111295187996,0.7377807036224556,-0.07326957410365598,20,0.5,0.12710545575687388,0.01757205788949363,0.3854958749857795,0.01848390129469887,Medium_Coop,Survived,Frequent,Moderate,Moderate
96,2,0.1437851359817043,3,1.1700445738959184,1.2437863270539817,25,0.14330036410401592,2.193457523801704,0.1327982148442934,1.698793738524276,0.1971132532337253,0.11733782243128699,0.021100353508089895,0.04547061793601921,300,200,800,0.35377358490566035,0.2467554806871026,0.35377358490566035,0.6462264150943396,212,False,300,185936,2193,0.011656895002896949,0.4202896925013614,0,0.4287451361867704,0.5712548638132295,0.44425645755688326,0.39632292744583947,0.04793353011104379,12,0.5,0.2255967758646872,0.005732014564160637,0.5952812431752353,0.0191108320301764,Medium_Coop,Survived,Frequent,Fast,Complex
97,5,0.0,1,1.133256886021616,1.1139737921829302,0,0.18849109071873865,2.222086245866459,0.13902883229126434,1.8683764366145195,0.3426044555752903,0.06140376992151389,0.035717146946209824,0.04784234379928372,300,200,800,0.7087378640776699,0.6530579631842083,0.7087378640776699,0.2912621359223301,618,False,300,104877,1084,0.010230179028132993,0.7362185529448102,0,1.0,0.0,0.7362185529448102,0.7362185529448102,0.0,0,0.2,0.2597581942630301,0.18849109071873865,0.17922641962845076,0.03522242112139677,High_Coop,Survived,Occasional,Fast,Simple
98,10,0.25356965703172424,3,1.0063455530760088,1.2952786790962687,20,0.07360915871921082,2.2599547838593494,0.19934941161794784,1.9940046799322042,0.24001045051415082,0.0990187645049412,0.03993135323972773,0.04132341313378392,300,200,800,0.9782051282051282,0.5364708004634737,0.9782051282051282,0.021794871794871794,780,False,300,167491,124,0.0007397905915341705,0.7069026204875426,0,0.5024318492461615,0.4975681507538386,0.8787846184708812,0.5350206225042039,0.3437639959666773,15,0.1,0.3975036597079193,0.003680457935960541,0.4125602209938068,0.029211629031761187,High_Coop,Survived,Rare,Fast,Complex
99,20,0.03433485972788191,3,1.1014013319499227,1.439066180441389,20,0.21963909013046468,2.4403044717744433,0.10262123694033128,1.723816230013906,0.20712410032103246,0.005551283348056879,0.02234399065457894,0.09706091012958545,300,200,800,0.9803149606299213,0.5429626411815812,0.9803149606299213,0.01968503937007874,254,False,300,110355,185,0.0016736023159037452,0.7007096546457874,0,0.3633579496090356,0.6366420503909643,0.7548117320603464,0.6466075772312283,0.10820415482911805,15,0.05,0.17690015378184565,0.010981954506523233,0.026801725822599376,0.06801151681650763,High_Coop,Survived,Rare,Moderate,Complex
100,5,0.5529964403923813,2,1.1444975447484815,1.4855125678828065,20,0.2598715777392029,2.1845096797118533,0.09819141211474872,1.6659208268940036,0.10014097174800489,0.012001062146426555,0.025657304006039435,0.00473962492223462,300,200,800,0.9808917197452229,0.5463809852156807,0.9808917197452229,0.01910828025477707,314,False,300,116740,538,0.004587390644451645,0.66651102735064,0,0.7773276683769698,0.22267233162303027,0.69222221605429,0.6407998386469901,0.051422377407299935,15,0.2,0.16357911846409207,0.012993578886960145,0.11984167855516793,0.003159012276175294,High_Coop,Survived,Occasional,Moderate,Moderate
101,5,0.0,1,0.9104714383370486,1.232699779622958,0,0.05590465935595863,1.83085833090048,0.07058314632995809,1.7489458649945568,0.1464186944900958,0.1375561522541883,0.04729182199686857,0.037859666566780296,300,200,800,0.8463476070528967,0.5834141879824242,0.8463476070528967,0.15365239294710328,794,False,300,160695,1195,0.007381555377107913,0.6253545573346524,0,1.0,0.0,0.6253545573346524,0.6253545573346524,0.0,0,0.2,0.12344610191208592,0.05590465935595863,0.9394712385138292,0.023675715026706432,High_Coop,Survived,Occasional,Moderate,Simple
102,10,0.7167360233227276,2,0.9439746387986008,1.3483496836232995,15,0.2726653112366666,1.5621333061109963,0.19114243032045075,1.411070595831387,0.2979721912446627,0.059671002777887346,0.029824334258446494,0.08424877888834613,300,200,800,1.0,0.6672838047217626,1.0,0.0,493,False,300,93156,609,0.006494960806270996,0.735875137869028,0,0.8568808704710382,0.14311912952896172,0.8189219351340926,0.6528283406039636,0.16609359453012906,20,0.1,0.2697154630409378,0.018177687415777775,0.2002569519277453,0.06199658177975897,High_Coop,Survived,Rare,Fast,Moderate
103,10,0.5814126908802673,3,1.142104775843535,1.167934034257782,15,0.25408138034844113,2.3136546775941538,0.10225227259366422,1.8658357899154592,0.12577275370268812,0.08833635902842744,0.022600657069658137,0.019087606404219193,300,200,800,0.8913043478260869,0.6680848828658472,0.8913043478260869,0.10869565217391304,230,False,300,70867,188,0.0026458377313348814,0.728066675715786,0,0.7154171189784174,0.2845828810215826,0.7593809861017368,0.6967523653298352,0.06262862077190157,20,0.1,0.19078594980545033,0.016938758689896076,0.7023489303354534,0.013897050142091215,High_Coop,Survived,Rare,Moderate,Complex
104,5,0.1509093295346977,3,0.8567638009045072,1.3778843667682312,10,0.17001106149967593,2.0804988150640074,0.16184017714334142,1.343849522336926,0.36287236661865796,0.02983592485189148,0.030061791120114274,0.008903264243359998,300,200,800,0.989010989010989,0.47949857160383474,0.989010989010989,0.01098901098901099,455,False,300,154273,779,0.0050241209400717175,0.7044430458843037,0,0.4384518989782148,0.5615481010217852,0.7616235615113741,0.6472625302572333,0.11436103125414077,30,0.2,0.21748884474900287,0.017001106149967592,0.08222154012417818,0.006271842581905328,High_Coop,Survived,Occasional,Fast,Complex
105,10,0.0,1,0.8414290987396503,1.3641477106926816,0,0.2807630861512816,1.7396738589471044,0.1828619552599396,1.4572857854490082,0.218093211007433,0.13479409007410822,0.04010919157850149,0.07538551958401435,300,200,800,1.0,0.6656274638633377,1.0,0.0,793,False,300,117438,785,0.006639993909814503,0.7935823555190475,0,1.0,0.0,0.7935823555190475,0.7935823555190475,0.0,0,0.1,0.2664821280997225,0.2807630861512816,0.6180572492442885,0.05982461820350939,High_Coop,Survived,Rare,Fast,Simple
106,2,0.0,1,1.1483230259455683,1.4444924352806647,0,0.2985799268713144,2.287035436711982,0.13492394559721943,1.3717308113764721,0.17039175728773193,0.05014494005762646,0.044249293918450415,0.03481311584144362,300,200,800,0.9558441558441558,0.24865347317446787,0.9558441558441558,0.04415584415584416,770,False,300,346041,4711,0.013431142231548216,0.5897559055383726,0,1.0,0.0,0.5897559055383726,0.5897559055383726,0.0,0,0.5,0.1850793333681888,0.2985799268713144,0.2942920529480146,0.02053124065768285,High_Coop,Survived,Frequent,Moderate,Simple
107,5,0.0,1,1.1655878923398553,1.4401282127478587,0,0.14511512146097144,2.445034655821183,0.19332804920315438,1.487207578115261,0.35529668628459044,0.036422743697213246,0.0292744638100563,0.08811742261799699,300,200,800,0.9164677804295943,0.7185497187316336,0.9164677804295943,0.08353221957040573,419,False,300,69358,421,0.006033333811031973,0.7679552486209427,0,1.0,0.0,0.7679552486209427,0.7679552486209427,0.0,0,0.2,0.28751893983717125,0.14511512146097144,0.10251360370988334,0.06767023719444056,High_Coop,Survived,Occasional,Fast,Simple
108,5,0.21721698099974518,2,0.8668880594389625,1.4928044436059609,10,0.050579922989280615,1.713331269607115,0.17850262531822803,1.6675742122574895,0.17468123621016357,0.08289712731000627,0.044869493702480154,0.06543843968137668,300,200,800,0.9694267515923567,0.4275659089103101,0.9694267515923567,0.030573248407643312,785,False,300,250416,1190,0.004729616940772478,0.6704705577106669,0,0.6206684719157441,0.3793315280842558,0.8113891246940659,0.529551990727268,0.2818371339667979,30,0.2,0.2976663748009379,0.005057992298928062,0.4745622890501563,0.04387454714888846,High_Coop,Survived,Occasional,Fast,Moderate
109,10,0.0,1,1.0548306368485103,1.3145963132961112,0,0.1288565290362763,2.3400843480807203,0.11490610519026662,1.5048452175189015,0.2903796433171565,0.11310542092459647,0.034346721790949775,0.058635905917040036,300,200,800,1.0,0.71759924825919,1.0,0.0,549,False,300,81234,248,0.003043616995164576,0.720940964469998,0,1.0,0.0,0.720940964469998,0.720940964469998,0.0,0,0.1,0.17291590285929656,0.1288565290362763,0.38950878109958015,0.042273026564402905,High_Coop,Survived,Rare,Moderate,Simple
110,2,0.44104503722704874,3,1.1599582946189964,1.4491042163231216,15,0.059404829257865346,1.9238172511822116,0.05612580354130236,1.616623579329296,0.33031608991687134,0.09861355182507243,0.03829205408760218,0.004432054324511459,300,200,800,0.9653333333333334,0.3095343584082045,0.9653333333333334,0.034666666666666665,750,False,300,265618,3902,0.014477589789254971,0.5346101875002555,0,0.624181985894931,0.375818014105069,0.5579462998250614,0.5112740751754495,0.04667222464961185,20,0.5,0.0907342974136731,0.003960321950524356,0.2985429860528136,0.002369421393438389,High_Coop,Survived,Frequent,Slow,Complex
111,10,0.4269660304834953,2,0.8462119465302067,1.3343363777372022,25,0.24846925395415603,2.2951073258049584,0.17716162887728215,1.7993407693346115,0.38390624925158634,0.026814979920881974,0.027416780524040306,0.015865861328622877,300,200,800,0.9812206572769953,0.6366193422048155,0.9812206572769953,0.018779342723004695,426,False,300,100821,100,0.0009908740499995046,0.7270549217118473,0,0.7106724820864302,0.2893275179135698,0.8338584926121744,0.6202513508115202,0.2136071418006542,12,0.1,0.3187741416006218,0.009938770158166242,0.06984772968180895,0.011535352566172932,High_Coop,Survived,Rare,Fast,Moderate
112,5,0.7708190553915828,2,0.9196489134642248,1.2710607736806794,15,0.15939457882373276,1.9725670057707418,0.07454040338135236,1.8996517712472243,0.38513746109400315,0.0381192044406313,0.03191785868398085,0.0623860647579437,300,200,800,0.8179871520342612,0.6006570743829426,0.8179871520342612,0.18201284796573874,467,False,300,115391,1454,0.012443835850913604,0.637387104340205,0,0.8839772898113675,0.11602271018863253,0.6498249235535991,0.6249492851268108,0.024875638426788305,20,0.2,0.1416008093128686,0.010626305254915517,0.09897558220473204,0.03976407316724624,High_Coop,Survived,Occasional,Moderate,Moderate
113,2,0.039472582826484276,3,0.8854079190470339,1.473129432299844,15,0.15067900592335437,1.7602583236940827,0.1590652793596391,1.6953667979330826,0.2737079744044111,0.015124786472935602,0.037212270563434804,0.003282015951821571,300,200,800,0.748211731044349,0.19698668587425466,0.748211731044349,0.25178826895565093,699,False,300,323988,3463,0.010575628109243826,0.5839216498562103,0,0.35889477162524414,0.6411052283747559,0.6562664092037617,0.5115768905086591,0.1446895186951026,20,0.5,0.2696739933302826,0.010045267061556958,0.0552588447810012,0.0019164401694420521,High_Coop,Survived,Frequent,Fast,Complex
114,10,0.0,1,1.106514199300208,1.3113531722011185,0,0.1847261706054394,2.35069392755909,0.0670712031595689,1.492690331565247,0.14299878813603586,0.12656921502333326,0.03109792521368232,0.054017794979312986,300,200,800,1.0,0.8000279796242501,1.0,0.0,537,False,300,52008,0,0.0,0.6469685885841141,0,1.0,0.0,0.6469685885841141,0.6469685885841141,0.0,0,0.1,0.10011653648273694,0.1847261706054394,0.8851069066608241,0.03494781657619217,High_Coop,Survived,Rare,Moderate,Simple
115,20,0.3408075947222291,3,1.1287888992432535,1.267052698398912,15,0.2431477128135297,1.6856764989331174,0.1380566755497627,1.9094867809872227,0.3735960923320649,0.08549668268462628,0.04852854196087256,0.012830736064261751,300,200,800,0.7818411097099621,0.5822701818334928,0.7818411097099621,0.21815889029003782,793,False,300,168798,151,0.0008937608390697785,0.8032865620555101,0,0.5589229538468942,0.44107704615310583,0.8558613899473367,0.7507117341636835,0.1051496557836532,20,0.05,0.2636173969893138,0.01620984752090198,0.22884790403169933,0.010306757861702468,High_Coop,Survived,Rare,Fast,Complex
116,10,0.7028531120069217,3,0.9163182306519829,1.3399854827574662,20,0.18872282860792383,2.406010861785395,0.18048538317471335,1.677698561515294,0.13268487715743904,0.06465864493144256,0.04569601165459242,0.09082188451696847,300,200,800,0.9861635220125786,0.5067889337892446,0.9861635220125786,0.013836477987421384,795,False,300,207425,1406,0.006732716885902955,0.7001022258017041,0,0.7979950264221324,0.2020049735778676,0.7935969285274616,0.6066075230759467,0.18698940545151488,15,0.1,0.3028000677267532,0.009436141430396191,0.4873098300021107,0.06358460350183495,High_Coop,Survived,Rare,Fast,Complex
117,20,0.2558758713880819,2,0.9830133179498747,1.434590973418394,20,0.1641872243736776,1.6304330097196917,0.14503124900234404,1.911033208163137,0.31688377813176927,0.07486269769146195,0.04855210361966132,0.017812400886351942,300,200,800,0.9835443037974684,0.5540660250916056,0.9835443037974684,0.016455696202531647,790,False,300,193175,810,0.004175580586127794,0.7650641292800167,0,0.6271664662943001,0.3728335337057,0.8484292173838113,0.6816990411762222,0.16673017620758912,15,0.05,0.2771595330648563,0.00820936121868388,0.23624654481471094,0.013627628974503446,High_Coop,Survived,Rare,Fast,Moderate
118,2,0.7397816789601158,3,0.9840279041465305,1.2710630430558554,10,0.24017368504775377,2.2159705621343777,0.11744241572077178,1.3832544937202105,0.28716923812976614,0.13137300013746345,0.020416361958020605,0.08016815422897815,300,200,800,0.9828326180257511,0.32836257659185647,0.9828326180257511,0.017167381974248927,233,False,300,164063,2322,0.013955584938546144,0.6888580974461134,0,0.8227368823381866,0.17726311766181335,0.6675479116856272,0.7101682832065995,-0.04262037152097231,30,0.5,0.16245274929911466,0.02401736850477538,0.4574758807491023,0.055224482197940475,High_Coop,Survived,Frequent,Moderate,Complex
119,10,0.0,1,0.8563174584856522,1.1799454780966236,0,0.2859216115761777,2.459954558152975,0.15979575107045185,1.4956750739661522,0.3154852828196948,0.08453305663026274,0.025197403162921284,0.04914513210579237,300,200,800,0.978494623655914,0.681579986183756,0.978494623655914,0.021505376344086023,372,False,300,77468,480,0.006157951454816031,0.7182233225284663,0,1.0,0.0,0.7182233225284663,0.7182233225284663,0.0,0,0.1,0.23900252180177492,0.2859216115761777,0.2679461174059736,0.0352971800671226,High_Coop,Survived,Rare,Fast,Simple
120,20,0.0,1,1.1844456370261343,1.3945799065378353,0,0.12982299407889014,2.1638182509404853,0.17797764705404012,1.2593229636646497,0.14144382271962885,0.14054895940408516,0.0289018842779204,0.06339914812109475,300,200,800,1.0,0.7720042226452888,1.0,0.0,403,False,300,54720,0,0.0,0.7803143215478737,0,1.0,0.0,0.7803143215478737,0.7803143215478737,0.0,0,0.05,0.22413133795415482,0.12982299407889014,0.9936733658753164,0.0494712632528252,High_Coop,Survived,Rare,Fast,Simple
121,10,0.3297625469061779,2,1.1777269122500982,1.2447210660884298,25,0.1422232853211624,1.607637912207957,0.15980448175020387,1.7448589775527157,0.18575892780863038,0.09817901029857991,0.04591817380701278,0.08021285833549333,300,200,800,1.0,0.6019388571534897,1.0,0.0,794,False,300,156499,91,0.000581135449262405,0.7567962367864991,0,0.667748978161497,0.332251021838503,0.8473720163398428,0.6662204572331553,0.18115155910668757,12,0.1,0.2788362846350023,0.005688931412846496,0.5285291611917804,0.06070478933018991,High_Coop,Survived,Rare,Fast,Moderate
122,5,0.5092175788426901,3,0.986248991427297,1.4534851428515534,25,0.24478676900401014,1.6522597862298958,0.09334578319171491,1.3812953110549349,0.21065703796444746,0.07149487577720995,0.02433689892316014,0.053811885894554747,300,200,800,0.9646302250803859,0.5118570491141285,0.9646302250803859,0.03536977491961415,311,False,300,127751,1047,0.008129008214413267,0.6055814157862757,0,0.6676896673565191,0.3323103326434809,0.63556045708593,0.5756023744866213,0.05995808259930868,12,0.2,0.12893809262946634,0.009791470760160405,0.33938992244482297,0.03258747804615398,High_Coop,Survived,Occasional,Moderate,Complex
123,20,0.3310839158627064,3,1.0953461447177237,1.1020349232677409,25,0.07614865185736346,1.545558643814179,0.1369710979076511,1.350641080099575,0.31586928272548,0.07634214140981067,0.021861506984505816,0.0937920235986571,300,200,800,0.9962264150943396,0.6162380013434162,0.9962264150943396,0.0037735849056603774,265,False,300,88169,124,0.0014044148460240337,0.6373894023118207,0,0.551721522827241,0.448278477172759,0.7465715608514085,0.5282072437722329,0.21836431707917558,12,0.05,0.18499879162041452,0.0030459460742945383,0.24168903272610762,0.059782041863164236,High_Coop,Survived,Rare,Moderate,Complex
124,10,0.39239030537265496,3,0.8417689669579164,1.3393472472929429,20,0.10657713382183069,2.4884817513942448,0.1416097272945968,1.419715716912903,0.1524515006207987,0.022300378907041202,0.03300674570830059,0.022138850161143954,300,200,800,0.994140625,0.6112491596531389,0.994140625,0.005859375,512,False,300,114858,82,0.0007134156951452932,0.6896311688395409,0,0.5966760558586005,0.40332394414139955,0.7890529680689622,0.5902093696101197,0.19884359845884247,15,0.1,0.20104555550788922,0.0053288566910915346,0.14627851360092678,0.015267641113393163,High_Coop,Survived,Rare,Fast,Complex
125,5,0.5901700164978773,3,1.0059309708160427,1.107067151301448,25,0.1280290652388471,2.1019351832260558,0.15059470127306643,1.804562155401789,0.24568710268394287,0.11417239373357072,0.028006753040037448,0.07599097249599988,300,200,800,0.949238578680203,0.48419556895951743,0.949238578680203,0.050761421319796954,394,False,300,147056,935,0.006317951767337203,0.6509614230585059,0,0.7241764296485327,0.2758235703514674,0.7691006601193134,0.5328221859976984,0.23627847412161507,12,0.2,0.2717574987214133,0.005121162609553884,0.464706500611245,0.049467191595595865,High_Coop,Survived,Occasional,Fast,Complex
126,5,0.0,1,0.9279116784887949,1.4670717938150686,0,0.13696976301163516,1.8300231321331042,0.15246854095485188,1.2273538272504483,0.36044388578781006,0.08438189204129877,0.046660160834609735,0.003488171644647875,300,200,800,0.9835858585858586,0.5482248189352646,0.9835858585858586,0.016414141414141416,792,False,300,179762,3120,0.017060180881661398,0.6767391132758246,0,1.0,0.0,0.6767391132758246,0.6767391132758246,0.0,0,0.2,0.18713284727622917,0.13696976301163516,0.23410548872778938,0.0023605821857528774,High_Coop,Survived,Occasional,Moderate,Simple
127,10,0.09777410422079047,2,1.0005328745148692,1.1226411398987857,10,0.08551023912643478,2.094398355563263,0.10568171111770973,1.9188268501076613,0.19641847689703829,0.12020963936861684,0.02857088996465827,0.06866514863424032,300,200,800,0.9792207792207792,0.6132887899034892,0.9792207792207792,0.02077922077922078,385,False,300,94188,234,0.002478236004321027,0.6728347169711391,0,0.5477307597129424,0.45226924028705767,0.7544305817029354,0.5912388522393426,0.16319172946359284,30,0.1,0.20278490485798276,0.008551023912643478,0.6120077971668124,0.04620029584710028,High_Coop,Survived,Rare,Fast,Moderate
128,5,0.0,1,1.102985040330861,1.3285367005080704,0,0.05548754435143265,2.428158535209302,0.06251489534249427,1.495019645229634,0.2944862250942869,0.06600900473265371,0.03585576241094236,0.058629670977929184,300,200,800,1.0,0.6152384384777944,1.0,0.0,607,False,300,115414,1039,0.00892205439104188,0.5907097448442633,0,1.0,0.0,0.5907097448442633,0.5907097448442633,0.0,0,0.2,0.09346099665650348,0.05548754435143265,0.2241497194360087,0.03463311798367566,High_Coop,Survived,Occasional,Slow,Simple
129,10,0.213992726345822,3,1.1349316538196987,1.177398911552915,20,0.12973404748213024,2.1201561829698314,0.11240228397968016,1.654376018292431,0.12630270851996642,0.05248728097910138,0.039236192365110306,0.06681894907079826,300,200,800,0.9633152173913043,0.4922349900034332,0.9633152173913043,0.036684782608695655,736,False,300,191546,567,0.0029513879851962126,0.646999396609635,0,0.48265242240038775,0.5173475775996123,0.7185702291409535,0.5754285640783164,0.14314166506263704,15,0.1,0.18595564301727838,0.006486702374106512,0.41556734288721914,0.043231819730896404,High_Coop,Survived,Rare,Moderate,Complex
130,20,0.5475870094397179,2,1.1320786348867138,1.224511414294622,10,0.16336199810588942,1.9939141912877925,0.08824600704042082,1.2484423458465805,0.290117324914473,0.0610482026297111,0.027368930826061157,0.01769841798376779,300,200,800,1.0,0.7464813636042152,1.0,0.0,400,False,300,65355,0,0.0,0.7241305742972147,0,0.7713726218261546,0.2286273781738454,0.728991753198876,0.7192693953955535,0.009722357803322534,30,0.05,0.11017005204113683,0.016336199810588942,0.2104259118193241,0.012815965578737923,High_Coop,Survived,Rare,Moderate,Moderate
131,5,0.0,1,1.1517712467479724,1.3676423231445871,0,0.2245377016645922,2.291380350382019,0.07943850438319142,1.2139856412687988,0.2803130859648625,0.11884379647524114,0.023615744450726762,0.0866074361022362,300,200,800,0.9762845849802372,0.7720547882557395,0.9762845849802372,0.023715415019762844,253,False,300,44082,335,0.00754215728212171,0.6261083283179402,0,1.0,0.0,0.6261083283179402,0.6261083283179402,0.0,0,0.2,0.09643720368506292,0.2245377016645922,0.4239680643740561,0.054225637037873926,High_Coop,Survived,Occasional,Slow,Simple
132,20,0.0,1,1.0321913741268867,1.182595150576015,0,0.06452798214077775,2.010639153898485,0.12238862250257922,1.584921775407798,0.37014220782887497,0.14929725420757617,0.046701228912452736,0.08811282663008745,300,200,800,1.0,0.7539698828386129,1.0,0.0,791,False,300,90134,26,0.00028837622005323867,0.7735338012388278,0,1.0,0.0,0.7735338012388278,0.7735338012388278,0.0,0,0.05,0.19397639286650262,0.06452798214077775,0.403351066292336,0.06815824972106935,High_Coop,Survived,Rare,Moderate,Simple
133,5,0.42963735491371,3,1.0499884146515186,1.4352713049905321,10,0.22614593300031466,1.9724533331573335,0.14652186044002183,1.5568811262357005,0.3672789611449352,0.10360775252531848,0.025880392210493396,0.008500317054373185,300,200,800,0.9444444444444444,0.3858495966692688,0.9444444444444444,0.05555555555555555,324,False,300,165794,1929,0.011501105990233898,0.655896603738584,0,0.6159562841530055,0.38404371584699454,0.6616068253720254,0.6501863821051426,0.011420443266882851,30,0.2,0.2281171191000113,0.022614593300031467,0.28209552815750016,0.005575329086664537,High_Coop,Survived,Occasional,Fast,Complex
134,5,0.23717533779525724,2,0.961427718041093,1.311321730636077,20,0.1916852019933456,1.651316923653094,0.10550984217015773,1.665646993684313,0.2700558972285154,0.12212300704353886,0.03940318176680585,0.07285564384667027,300,200,800,0.9520807061790668,0.5500199405907916,0.9520807061790668,0.04791929382093316,793,False,300,163681,454,0.002766015779693545,0.6523658089384003,0,0.6152875570713461,0.3847124429286539,0.7158480084910087,0.588883609385792,0.12696439910521673,15,0.2,0.17574215141482957,0.00958426009966728,0.45221381312847625,0.04752853103376104,High_Coop,Survived,Occasional,Moderate,Moderate
135,2,0.015377117824023668,2,1.0319898552219773,1.3147062299178438,25,0.2247532121399189,2.112994767513737,0.1549969881115245,1.530146125496436,0.11109696549285752,0.06040632906855881,0.026090079830495293,0.014911245714224376,300,200,800,0.9504132231404959,0.23898853190406324,0.9504132231404959,0.049586776859504134,363,False,300,226645,2384,0.010409162158503946,0.5775639252669731,0,0.5068419319100518,0.4931580680899482,0.6365770374440348,0.5185508130899112,0.11802622435412358,12,0.5,0.23716804082246634,0.008990128485596756,0.5437261837042917,0.00861219760532776,High_Coop,Survived,Frequent,Fast,Moderate
136,2,0.0,1,1.156938490620908,1.3259365278930928,0,0.25568155864642195,2.394444918720556,0.0715154230682512,1.724492280275192,0.24381940562290047,0.03655025138158753,0.047482723151237465,0.0011506598499093968,300,200,800,0.6388888888888888,0.34426125974400923,0.6388888888888888,0.3611111111111111,792,False,300,303404,4690,0.015222626860633443,0.5550621282064553,0,1.0,0.0,0.5550621282064553,0.5550621282064553,0.0,0,0.5,0.1233277950018136,0.25568155864642195,0.14990706456777037,0.0006386877051324302,Medium_Coop,Survived,Frequent,Moderate,Simple
137,2,0.6158813724122194,3,1.0022592314326577,1.4760743491985313,15,0.1978116194983759,2.209805939334553,0.07077173816233213,1.5378060936039513,0.38614119314144213,0.06387058203169071,0.04649884886755427,0.04532170410428541,300,200,800,0.29396984924623115,0.27631271663511886,0.29396984924623115,0.7060301507537688,796,False,300,344563,5663,0.016169559084705305,0.6013743869830221,0,0.7428771602055114,0.2571228397944886,0.5498019733513307,0.6529468006147137,-0.10314482726338292,20,0.5,0.10883321020097766,0.013187441299891725,0.1654073255227529,0.027255312022740556,Low_Coop,Survived,Frequent,Moderate,Complex
138,2,0.7844928907205555,3,1.1750699031601357,1.3739504506213711,25,0.09513849073320786,2.262595936574649,0.0958377066783937,1.7418405242364963,0.10201637298335892,0.1463966990494685,0.04106583037755897,0.09438389433038469,300,200,800,0.9013157894736842,0.3819355872456337,0.9013157894736842,0.09868421052631579,760,False,300,269487,2571,0.009450190768145027,0.5664707161990448,0,0.8553821502964268,0.14461784970357314,0.6238191344854613,0.5091222979126281,0.11469683657283325,12,0.5,0.16693400124231683,0.0038055396293283144,1.4350314049427044,0.05346571221898797,High_Coop,Survived,Frequent,Moderate,Complex
139,2,0.0,1,0.9109168184825442,1.4992409560484847,0,0.09567234924556102,1.57469791860166,0.0874105080100397,1.9765223620589276,0.12944950969927402,0.11440093914285432,0.04180159969499282,0.09310756019446141,300,200,800,0.8025974025974026,0.4336880156446505,0.8025974025974026,0.1974025974025974,770,False,300,223988,2301,0.010168412958650222,0.6330995483102928,0,1.0,0.0,0.6330995483102928,0.6330995483102928,0.0,0,0.5,0.1727688237607745,0.09567234924556102,0.8837494974575087,0.05894635430338692,High_Coop,Survived,Frequent,Moderate,Simple
140,10,0.20779913893146462,3,1.0764930144955058,1.1854938541958808,25,0.1347353290400099,2.00244908835338,0.1390084416393111,1.7517874998081493,0.21842498034277097,0.03680452283438159,0.04426704368754181,0.007937715576519911,300,200,800,0.9683944374209861,0.5344375404779768,0.9683944374209861,0.0316055625790139,791,False,300,179549,283,0.0015736910004893457,0.7144181084505606,0,0.47876228767096934,0.5212377123290306,0.8118971138771478,0.6169391030239735,0.19495801085317432,12,0.1,0.2435132504315558,0.005389413161600396,0.16849960465430655,0.005670847747595907,High_Coop,Survived,Rare,Fast,Complex
141,10,0.5622501999514502,2,0.8308248981268263,1.46070973934735,15,0.2181277435829867,1.5255590345638175,0.10547483699218863,1.9375415689028928,0.32040530501589015,0.06970144489472584,0.02488413254813655,0.07510193846040303,300,200,800,0.9883720930232558,0.7016622922134733,0.9883720930232558,0.011627906976744186,344,False,300,71900,82,0.0011391736823094664,0.7171843630559082,0,0.779880497892309,0.22011950210769107,0.7934526005304259,0.6409161255813904,0.15253647494903544,20,0.1,0.204361881145622,0.014541849572199114,0.21754148200283097,0.053861935898988154,High_Coop,Survived,Rare,Fast,Moderate
142,5,0.32026215874740527,3,1.1343772488181538,1.189352286096688,25,0.10197699499749617,1.9951923197845627,0.12207154725147247,1.799135143090657,0.1025434289673,0.1287742014944262,0.046922670111250016,0.08025249291951839,300,200,800,0.9021601016518425,0.43315166379023223,0.9021601016518425,0.09783989834815757,787,False,300,250250,934,0.003718389706350723,0.6640632595870248,0,0.5466073212825869,0.453392678717413,0.764088242372199,0.5640382768018506,0.20004996557034838,12,0.2,0.21962321063157583,0.004079079799899847,1.2558015934447728,0.05329273203812001,High_Coop,Survived,Occasional,Fast,Complex
143,5,0.7002405092079267,2,1.1165080476800173,1.2432388319336487,10,0.22199826363685915,2.16180648345546,0.13471458351508858,1.457789489438826,0.15325261262357912,0.0392309891498082,0.022768718559737923,0.08188131227430814,300,200,800,0.9386281588447654,0.45014208214931545,0.9386281588447654,0.061371841155234655,277,False,300,145731,1408,0.00956918288149301,0.6619431291807654,0,0.8475691035908034,0.1524308964091966,0.6459701949273868,0.6779160634341439,-0.03194586850675707,30,0.2,0.19638550392242507,0.022199826363685914,0.2559890397834053,0.05420077206828294,High_Coop,Survived,Occasional,Moderate,Moderate
144,20,0.21681956086147808,2,1.1976960590284174,1.262264348997283,15,0.0780671621910096,1.8736286130877493,0.05378840565184036,1.7261265866373532,0.24677208359404598,0.1441285264889565,0.03554176152817456,0.04319419952365573,300,200,800,0.9973890339425587,0.5949277055444074,0.9973890339425587,0.0026109660574412533,766,False,300,141031,595,0.004201205993249827,0.6030071492661864,0,0.6053286236565051,0.39467137634349486,0.635391372738418,0.5706229257939548,0.06476844694446315,20,0.05,0.09284559704847652,0.005204477479400641,0.5840552318148599,0.02604641111959451,High_Coop,Survived,Rare,Slow,Moderate
145,20,0.7441527074884636,2,1.1049460976024812,1.2296405565428685,10,0.12417212219874967,2.324126432513692,0.12257303075764504,1.755266049476501,0.350662886191731,0.012163469904368562,0.02878419235266773,0.053792362618672866,300,200,800,1.0,0.7535099050510574,1.0,0.0,382,False,300,60413,0,0.0,0.7406677327274853,0,0.8713993418633377,0.12860065813666235,0.8119717901637796,0.669363675291191,0.14260811487258862,30,0.05,0.21514827947033324,0.012417212219874966,0.03468707520338486,0.03984226725882717,High_Coop,Survived,Rare,Fast,Moderate
146,2,0.0,1,1.19548632810621,1.3085555734289238,0,0.11593868918830265,2.372060443586938,0.11204618539216862,1.459282718286896,0.15786380281081297,0.1154567311222904,0.04772597408892455,0.08020808510283989,300,200,800,0.9623588456712673,0.364243122170036,0.9623588456712673,0.037641154328732745,797,False,300,285165,3792,0.013123059832431816,0.6107304482537991,0,1.0,0.0,0.6107304482537991,0.6107304482537991,0.0,0,0.5,0.16350706199276133,0.11593868918830265,0.731369250369928,0.04898551976843627,High_Coop,Survived,Frequent,Moderate,Simple
147,5,0.0,1,1.0856806573605808,1.2025826127317425,0,0.08061572265530788,2.448973739157948,0.0922082795656401,1.5339372909680602,0.22151380403345003,0.053333838507725696,0.049813388908548265,0.020276357309237027,300,200,800,0.9044585987261147,0.5973901090967895,0.9044585987261147,0.09554140127388536,785,False,300,166689,1642,0.009754590657692285,0.678825485783472,0,1.0,0.0,0.678825485783472,0.678825485783472,0.0,0,0.2,0.1414417185617435,0.08061572265530788,0.24076981902072314,0.013764108100362079,High_Coop,Survived,Occasional,Moderate,Simple
148,5,0.7936587828712489,3,1.1037714923025157,1.4540880961880902,20,0.2811686720558099,2.294270967182348,0.07009046139128536,1.556180535400473,0.3205216981316226,0.016244182815134,0.03644782600302941,0.036257799872088915,300,200,800,0.9985163204747775,0.6540165622462003,0.9985163204747775,0.001483679525222552,674,False,300,121151,975,0.007983557964724957,0.7069213284244156,0,0.8598590323703446,0.14014096762965542,0.7020929837057837,0.7117496731430474,-0.009656689437263721,15,0.2,0.10907341173435663,0.014058433602790497,0.05068044662755814,0.0256314120513237,High_Coop,Survived,Occasional,Moderate,Complex
149,2,0.23109677595818293,2,1.1223695030050795,1.1177605430949993,15,0.13852031169545553,1.7370248980818874,0.17343982812027772,1.2126287314648214,0.29451761499276796,0.07978671219743351,0.0373649894682203,0.039795981894900495,300,200,800,0.9769021739130435,0.36178838918386724,0.9769021739130435,0.02309782608695652,736,False,300,244633,3066,0.012377926434906882,0.6142416072779218,0,0.6141495833186821,0.3858504166813179,0.6868369584925931,0.5416462560632503,0.14519070242934273,20,0.5,0.21031811875896902,0.009234687446363703,0.2709064182778769,0.024444347882326755,High_Coop,Survived,Frequent,Fast,Moderate
